{
	"format_version": "1.12.0",
	"minecraft:geometry": [
		{
			"description": {
				"identifier": "geometry.unknown",
				"texture_width": 256,
				"texture_height": 256,
				"visible_bounds_width": 13,
				"visible_bounds_height": 11,
				"visible_bounds_offset": [0, 0.5, 0]
			},
			"bones": [
				{
					"name": "scope_body",
					"pivot": [0, 3, -6.25],
					"cubes": [
						{
							"origin": [-0.31066, 2.25, -9.75],
							"size": [0.62132, 0.125, 3.25],
							"pivot": [0, 3, -6.25],
							"rotation": [0, 0, 45],
							"uv": {
								"north": {"uv": [140, 139], "uv_size": [1, 1]},
								"up": {"uv": [140, 101], "uv_size": [1, 3]},
								"down": {"uv": [140, 107], "uv_size": [1, -3]}
							}
						},
						{
							"origin": [-0.31066, 2.25, -9.75],
							"size": [0.62132, 0.125, 3.25],
							"uv": {
								"north": {"uv": [141, 117], "uv_size": [1, 1]},
								"up": {"uv": [140, 107], "uv_size": [1, 3]},
								"down": {"uv": [140, 113], "uv_size": [1, -3]}
							}
						},
						{
							"origin": [-0.31066, 3.625, -9.75],
							"size": [0.62132, 0.125, 3.25],
							"pivot": [0, 3, -6.25],
							"rotation": [0, 0, 45],
							"uv": {
								"north": {"uv": [141, 118], "uv_size": [1, 1]},
								"up": {"uv": [140, 113], "uv_size": [1, 3]},
								"down": {"uv": [140, 119], "uv_size": [1, -3]}
							}
						},
						{
							"origin": [-0.31066, 3.625, -9.75],
							"size": [0.62132, 0.125, 3.25],
							"uv": {
								"north": {"uv": [141, 119], "uv_size": [1, 1]},
								"up": {"uv": [140, 119], "uv_size": [1, 3]},
								"down": {"uv": [140, 125], "uv_size": [1, -3]}
							}
						},
						{
							"origin": [0.625, 2.68934, -9.75],
							"size": [0.125, 0.62132, 3.25],
							"pivot": [0, 3, -6.25],
							"rotation": [0, 0, 45],
							"uv": {
								"north": {"uv": [141, 120], "uv_size": [1, 1]},
								"east": {"uv": [140, 125], "uv_size": [3, 1]},
								"west": {"uv": [140, 126], "uv_size": [3, 1]}
							}
						},
						{
							"origin": [0.625, 2.68934, -9.75],
							"size": [0.125, 0.62132, 3.25],
							"uv": {
								"north": {"uv": [141, 121], "uv_size": [1, 1]},
								"east": {"uv": [140, 127], "uv_size": [3, 1]},
								"west": {"uv": [140, 128], "uv_size": [3, 1]}
							}
						},
						{
							"origin": [-0.75, 2.68934, -9.75],
							"size": [0.125, 0.62132, 3.25],
							"pivot": [0, 3, -6.25],
							"rotation": [0, 0, 45],
							"uv": {
								"north": {"uv": [141, 122], "uv_size": [1, 1]},
								"east": {"uv": [140, 129], "uv_size": [3, 1]},
								"west": {"uv": [140, 130], "uv_size": [3, 1]}
							}
						},
						{
							"origin": [-0.75, 2.68934, -9.75],
							"size": [0.125, 0.62132, 3.25],
							"uv": {
								"north": {"uv": [141, 123], "uv_size": [1, 1]},
								"east": {"uv": [140, 131], "uv_size": [3, 1]},
								"west": {"uv": [140, 132], "uv_size": [3, 1]}
							}
						},
						{
							"origin": [-0.875, 2.63756, -6.5],
							"size": [0.25, 0.72487, 1.5],
							"uv": {
								"north": {"uv": [141, 124], "uv_size": [1, 1]},
								"east": {"uv": [140, 133], "uv_size": [2, 1]},
								"west": {"uv": [140, 134], "uv_size": [2, 1]}
							}
						},
						{
							"origin": [-0.875, 2.63756, -6.5],
							"size": [0.25, 0.72487, 1.5],
							"pivot": [0, 3, -6.25],
							"rotation": [0, 0, 45],
							"uv": {
								"north": {"uv": [137, 141], "uv_size": [1, 1]},
								"east": {"uv": [140, 135], "uv_size": [2, 1]},
								"west": {"uv": [140, 136], "uv_size": [2, 1]}
							}
						},
						{
							"origin": [0.625, 2.63756, -6.5],
							"size": [0.25, 0.72487, 1.5],
							"uv": {
								"north": {"uv": [138, 141], "uv_size": [1, 1]},
								"east": {"uv": [137, 140], "uv_size": [2, 1]},
								"west": {"uv": [140, 137], "uv_size": [2, 1]}
							}
						},
						{
							"origin": [0.625, 2.63756, -6.5],
							"size": [0.25, 0.72487, 1.5],
							"pivot": [0, 3, -6.25],
							"rotation": [0, 0, 45],
							"uv": {
								"north": {"uv": [139, 141], "uv_size": [1, 1]},
								"east": {"uv": [140, 138], "uv_size": [2, 1]},
								"west": {"uv": [139, 140], "uv_size": [2, 1]}
							}
						},
						{
							"origin": [-0.36244, 3.625, -6.5],
							"size": [0.72487, 0.25, 1.5],
							"uv": {
								"north": {"uv": [141, 139], "uv_size": [1, 1]},
								"up": {"uv": [141, 101], "uv_size": [1, 2]},
								"down": {"uv": [141, 105], "uv_size": [1, -2]}
							}
						},
						{
							"origin": [-0.36244, 3.625, -6.5],
							"size": [0.72487, 0.25, 1.5],
							"pivot": [0, 3, -6.25],
							"rotation": [0, 0, 45],
							"uv": {
								"north": {"uv": [140, 141], "uv_size": [1, 1]},
								"up": {"uv": [141, 105], "uv_size": [1, 2]},
								"down": {"uv": [141, 109], "uv_size": [1, -2]}
							}
						},
						{
							"origin": [-0.36244, 2.125, -6.5],
							"size": [0.72487, 0.25, 1.5],
							"uv": {
								"north": {"uv": [141, 140], "uv_size": [1, 1]},
								"up": {"uv": [141, 109], "uv_size": [1, 2]},
								"down": {"uv": [141, 113], "uv_size": [1, -2]}
							}
						},
						{
							"origin": [-0.36244, 2.125, -6.5],
							"size": [0.72487, 0.25, 1.5],
							"pivot": [0, 3, -6.25],
							"rotation": [0, 0, 45],
							"uv": {
								"north": {"uv": [141, 141], "uv_size": [1, 1]},
								"up": {"uv": [141, 113], "uv_size": [1, 2]},
								"down": {"uv": [141, 117], "uv_size": [1, -2]}
							}
						},
						{
							"origin": [-1.125, 2.53401, -5.75],
							"size": [0.5, 0.93198, 0.375],
							"uv": {
								"north": {"uv": [142, 101], "uv_size": [1, 1]},
								"east": {"uv": [142, 102], "uv_size": [1, 1]},
								"south": {"uv": [142, 103], "uv_size": [1, 1]}
							}
						},
						{
							"origin": [-1.125, 2.53401, -5.75],
							"size": [0.5, 0.93198, 0.375],
							"pivot": [0, 3, -5],
							"rotation": [0, 0, 45],
							"uv": {
								"north": {"uv": [142, 104], "uv_size": [1, 1]},
								"east": {"uv": [142, 105], "uv_size": [1, 1]},
								"south": {"uv": [142, 106], "uv_size": [1, 1]}
							}
						},
						{
							"origin": [0.625, 2.53401, -5.75],
							"size": [0.5, 0.93198, 0.375],
							"uv": {
								"north": {"uv": [142, 107], "uv_size": [1, 1]},
								"south": {"uv": [142, 108], "uv_size": [1, 1]},
								"west": {"uv": [142, 109], "uv_size": [1, 1]}
							}
						},
						{
							"origin": [0.625, 2.53401, -5.75],
							"size": [0.5, 0.93198, 0.375],
							"pivot": [0, 3, -5],
							"rotation": [0, 0, 45],
							"uv": {
								"north": {"uv": [142, 110], "uv_size": [1, 1]},
								"south": {"uv": [142, 111], "uv_size": [1, 1]},
								"west": {"uv": [142, 112], "uv_size": [1, 1]}
							}
						},
						{
							"origin": [-0.46599, 3.625, -5.75],
							"size": [0.93198, 0.5, 0.375],
							"uv": {
								"north": {"uv": [142, 113], "uv_size": [1, 1]},
								"south": {"uv": [142, 114], "uv_size": [1, 1]},
								"up": {"uv": [142, 115], "uv_size": [1, 1]}
							}
						},
						{
							"origin": [-0.46599, 3.625, -5.75],
							"size": [0.93198, 0.5, 0.375],
							"pivot": [0, 3, -5],
							"rotation": [0, 0, 45],
							"uv": {
								"north": {"uv": [142, 116], "uv_size": [1, 1]},
								"south": {"uv": [142, 117], "uv_size": [1, 1]},
								"up": {"uv": [142, 118], "uv_size": [1, 1]}
							}
						},
						{
							"origin": [-0.46599, 1.875, -5.75],
							"size": [0.93198, 0.5, 0.375],
							"uv": {
								"north": {"uv": [142, 119], "uv_size": [1, 1]},
								"south": {"uv": [142, 120], "uv_size": [1, 1]},
								"down": {"uv": [142, 122], "uv_size": [1, -1]}
							}
						},
						{
							"origin": [-0.46599, 1.875, -5.75],
							"size": [0.93198, 0.5, 0.375],
							"pivot": [0, 3, -5],
							"rotation": [0, 0, 45],
							"uv": {
								"north": {"uv": [142, 122], "uv_size": [1, 1]},
								"south": {"uv": [142, 123], "uv_size": [1, 1]},
								"down": {"uv": [142, 125], "uv_size": [1, -1]}
							}
						},
						{
							"origin": [-0.625, 2.74112, -9.625],
							"size": [1.25, 0.51777, 0],
							"inflate": -0.003,
							"uv": {
								"north": {"uv": [142, 133], "uv_size": [1, 1]}
							}
						},
						{
							"origin": [-0.625, 2.74112, -9.625],
							"size": [1.25, 0.51777, 0],
							"inflate": -0.001,
							"pivot": [0, 3, -10.125],
							"rotation": [0, 0, 45],
							"uv": {
								"north": {"uv": [142, 134], "uv_size": [1, 1]}
							}
						},
						{
							"origin": [-0.25888, 2.375, -9.625],
							"size": [0.51777, 1.25, 0],
							"inflate": 0.004,
							"uv": {
								"north": {"uv": [142, 135], "uv_size": [1, 1]}
							}
						},
						{
							"origin": [-0.25888, 2.375, -9.625],
							"size": [0.51777, 1.25, 0],
							"inflate": 0.002,
							"pivot": [0, 3, -10.125],
							"rotation": [0, 0, 45],
							"uv": {
								"north": {"uv": [142, 136], "uv_size": [1, 1]}
							}
						}
					]
				},
				{
					"name": "ocular_ring",
					"pivot": [0, 3, -4.9375],
					"cubes": [
						{
							"origin": [-0.46599, 3.625, -5.125],
							"size": [0.93198, 0.5, 0.375],
							"pivot": [0, 3, -4.375],
							"rotation": [0, 0, 45],
							"uv": {
								"north": {"uv": [137, 142], "uv_size": [1, 1]},
								"south": {"uv": [142, 137], "uv_size": [1, 1]},
								"up": {"uv": [138, 142], "uv_size": [1, 1]},
								"down": {"uv": [142, 139], "uv_size": [1, -1]}
							}
						},
						{
							"origin": [-0.46599, 3.625, -5.125],
							"size": [0.93198, 0.5, 0.375],
							"uv": {
								"north": {"uv": [139, 142], "uv_size": [1, 1]},
								"south": {"uv": [142, 139], "uv_size": [1, 1]},
								"up": {"uv": [140, 142], "uv_size": [1, 1]},
								"down": {"uv": [142, 141], "uv_size": [1, -1]}
							}
						},
						{
							"origin": [-1.125, 2.53401, -5.125],
							"size": [0.5, 0.93198, 0.375],
							"pivot": [0, 3, -4.375],
							"rotation": [0, 0, 45],
							"uv": {
								"north": {"uv": [141, 142], "uv_size": [1, 1]},
								"east": {"uv": [142, 141], "uv_size": [1, 1]},
								"south": {"uv": [142, 142], "uv_size": [1, 1]},
								"west": {"uv": [143, 101], "uv_size": [1, 1]}
							}
						},
						{
							"origin": [-1.125, 2.53401, -5.125],
							"size": [0.5, 0.93198, 0.375],
							"uv": {
								"north": {"uv": [143, 102], "uv_size": [1, 1]},
								"east": {"uv": [143, 103], "uv_size": [1, 1]},
								"south": {"uv": [143, 104], "uv_size": [1, 1]},
								"west": {"uv": [143, 105], "uv_size": [1, 1]}
							}
						},
						{
							"origin": [-0.46599, 1.875, -5.125],
							"size": [0.93198, 0.5, 0.375],
							"pivot": [0, 3, -4.375],
							"rotation": [0, 0, 45],
							"uv": {
								"north": {"uv": [143, 106], "uv_size": [1, 1]},
								"south": {"uv": [143, 107], "uv_size": [1, 1]},
								"up": {"uv": [143, 108], "uv_size": [1, 1]},
								"down": {"uv": [143, 110], "uv_size": [1, -1]}
							}
						},
						{
							"origin": [-0.46599, 1.875, -5.125],
							"size": [0.93198, 0.5, 0.375],
							"uv": {
								"north": {"uv": [143, 110], "uv_size": [1, 1]},
								"south": {"uv": [143, 111], "uv_size": [1, 1]},
								"up": {"uv": [143, 112], "uv_size": [1, 1]},
								"down": {"uv": [143, 114], "uv_size": [1, -1]}
							}
						},
						{
							"origin": [0.625, 2.53401, -5.125],
							"size": [0.5, 0.93198, 0.375],
							"pivot": [0, 3, -4.375],
							"rotation": [0, 0, 45],
							"uv": {
								"north": {"uv": [143, 114], "uv_size": [1, 1]},
								"east": {"uv": [143, 115], "uv_size": [1, 1]},
								"south": {"uv": [143, 116], "uv_size": [1, 1]},
								"west": {"uv": [143, 117], "uv_size": [1, 1]}
							}
						},
						{
							"origin": [0.625, 2.53401, -5.125],
							"size": [0.5, 0.93198, 0.375],
							"uv": {
								"north": {"uv": [143, 118], "uv_size": [1, 1]},
								"east": {"uv": [143, 119], "uv_size": [1, 1]},
								"south": {"uv": [143, 120], "uv_size": [1, 1]},
								"west": {"uv": [143, 121], "uv_size": [1, 1]}
							}
						}
					]
				},
				{
					"name": "ocular",
					"pivot": [0, 3, -5.125],
					"cubes": [
						{
							"origin": [-0.25888, 2.375, -5.125],
							"size": [0.51777, 1.25, 0],
							"inflate": 0.002,
							"pivot": [0, 3, -4.625],
							"rotation": [0, 0, 45],
							"uv": {
								"south": {"uv": [143, 122], "uv_size": [1, 1]}
							}
						},
						{
							"origin": [-0.25888, 2.375, -5.125],
							"size": [0.51777, 1.25, 0],
							"inflate": 0.004,
							"uv": {
								"south": {"uv": [143, 123], "uv_size": [1, 1]}
							}
						},
						{
							"origin": [-0.625, 2.74112, -5.125],
							"size": [1.25, 0.51777, 0],
							"inflate": -0.001,
							"pivot": [0, 3, -4.625],
							"rotation": [0, 0, 45],
							"uv": {
								"south": {"uv": [143, 124], "uv_size": [1, 1]}
							}
						},
						{
							"origin": [-0.625, 2.74112, -5.125],
							"size": [1.25, 0.51777, 0],
							"inflate": -0.003,
							"uv": {
								"south": {"uv": [143, 125], "uv_size": [1, 1]}
							}
						}
					]
				},
				{
					"name": "division",
					"pivot": [-0.09688, 2.35938, -80.625],
					"cubes": [
						{
							"origin": [-93.01875, -73.82812, -80.75],
							"size": [66.70625, 152.375, 0.25],
							"uv": {
								"south": {"uv": [0, 0], "uv_size": [67, 152]}
							}
						},
						{
							"origin": [25.92187, -73.82812, -80.75],
							"size": [67.26875, 152.375, 0.25],
							"uv": {
								"south": {"uv": [67, 0], "uv_size": [67, 152]}
							}
						},
						{
							"origin": [-26.3125, 28.54688, -80.75],
							"size": [52.375, 50, 0.25],
							"uv": {
								"south": {"uv": [134, 0], "uv_size": [52, 50]}
							}
						},
						{
							"origin": [-26.3125, -73.82812, -80.75],
							"size": [52.375, 50, 0.25],
							"uv": {
								"south": {"uv": [134, 50], "uv_size": [52, 50]}
							}
						}
					]
				},
				{
					"name": "bone",
					"parent": "division",
					"pivot": [0.02912, -1.31603, -80.75],
					"cubes": [
						{
							"origin": [-0.00556, -16.91862, -80.75],
							"size": [0.26112, 38.5152, 0],
							"uv": {
								"north": {"uv": [134, 100], "uv_size": [1, 39]},
								"south": {"uv": [135, 100], "uv_size": [1, 39]}
							}
						},
						{
							"origin": [-0.00556, -17.08182, -80.75],
							"size": [0.26112, 36.4752, 0],
							"pivot": [0.125, 3.07338, 4.114],
							"rotation": [0, 0, 90],
							"uv": {
								"north": {"uv": [136, 100], "uv_size": [1, 36]},
								"south": {"uv": [136, 136], "uv_size": [1, 36]}
							}
						},
						{
							"origin": [-0.00556, -16.51062, -80.75],
							"size": [0.26112, 19.584, 0],
							"pivot": [0.125, -6.71862, 4.114],
							"rotation": [0, 0, 90],
							"uv": {
								"north": {"uv": [137, 100], "uv_size": [1, 20]},
								"south": {"uv": [137, 120], "uv_size": [1, 20]}
							}
						},
						{
							"origin": [-0.00556, -14.06262, -80.75],
							"size": [0.26112, 19.584, 0],
							"pivot": [0.125, -4.27062, 4.114],
							"rotation": [0, 0, 90],
							"uv": {
								"north": {"uv": [138, 100], "uv_size": [1, 20]},
								"south": {"uv": [138, 120], "uv_size": [1, 20]}
							}
						},
						{
							"origin": [-0.00556, -11.61462, -80.75],
							"size": [0.26112, 19.584, 0],
							"pivot": [0.125, -1.82262, 4.114],
							"rotation": [0, 0, 90],
							"uv": {
								"north": {"uv": [139, 100], "uv_size": [1, 20]},
								"south": {"uv": [139, 120], "uv_size": [1, 20]}
							}
						},
						{
							"origin": [-0.00556, -9.16662, -80.75],
							"size": [0.26112, 19.584, 0],
							"pivot": [0.125, 0.62538, 4.114],
							"rotation": [0, 0, 90],
							"uv": {
								"north": {"uv": [134, 139], "uv_size": [1, 20]},
								"south": {"uv": [135, 139], "uv_size": [1, 20]}
							}
						},
						{
							"origin": [-8.98156, -15.69462, -80.75],
							"size": [9.792, 0.26112, 0],
							"pivot": [0.125, -5.90262, 4.114],
							"rotation": [0, 0, 90],
							"uv": {
								"north": {"uv": [140, 100], "uv_size": [10, 1]},
								"south": {"uv": [140, 100], "uv_size": [10, 1]}
							}
						},
						{
							"origin": [-5.86444, -6.71862, -80.75],
							"size": [4.896, 0.26112, 0],
							"pivot": [-0.96844, -6.58806, 4.114],
							"rotation": [0, 0, 75.5],
							"uv": {
								"north": {"uv": [140, 100], "uv_size": [10, 1]},
								"south": {"uv": [140, 100], "uv_size": [10, 1]}
							}
						},
						{
							"origin": [-5.63559, -2.11991, -80.75],
							"size": [3.672, 0.26112, 0],
							"pivot": [-1.96359, -1.71191, 4.114],
							"rotation": [0, 0, 45.25],
							"uv": {
								"north": {"uv": [140, 100], "uv_size": [10, 1]},
								"south": {"uv": [140, 100], "uv_size": [10, 1]}
							}
						},
						{
							"origin": [-9.95704, 0.53137, -80.75],
							"size": [5.304, 0.26112, 0],
							"pivot": [-4.65304, 0.79249, 4.114],
							"rotation": [0, 0, 25.5],
							"uv": {
								"north": {"uv": [140, 100], "uv_size": [10, 1]},
								"south": {"uv": [140, 100], "uv_size": [10, 1]}
							}
						},
						{
							"origin": [1.21844, -6.71862, -80.75],
							"size": [4.896, 0.26112, 0],
							"pivot": [1.21844, -6.58806, 4.114],
							"rotation": [0, 0, -75.5],
							"uv": {
								"north": {"uv": [140, 100], "uv_size": [10, 1]},
								"south": {"uv": [140, 100], "uv_size": [10, 1]}
							}
						},
						{
							"origin": [2.21359, -2.11991, -80.75],
							"size": [3.672, 0.26112, 0],
							"pivot": [2.21359, -1.71191, 4.114],
							"rotation": [0, 0, -45.25],
							"uv": {
								"north": {"uv": [140, 100], "uv_size": [10, 1]},
								"south": {"uv": [140, 100], "uv_size": [10, 1]}
							}
						},
						{
							"origin": [4.90304, 0.53137, -80.75],
							"size": [5.304, 0.26112, 0],
							"pivot": [4.90304, 0.79249, 4.114],
							"rotation": [0, 0, -25.5],
							"uv": {
								"north": {"uv": [140, 100], "uv_size": [10, 1]},
								"south": {"uv": [140, 100], "uv_size": [10, 1]}
							}
						},
						{
							"origin": [-0.56044, -15.69462, -80.75],
							"size": [9.792, 0.26112, 0],
							"pivot": [0.125, -5.90262, 4.114],
							"rotation": [0, 0, -90],
							"uv": {
								"north": {"uv": [140, 100], "uv_size": [10, 1]},
								"south": {"uv": [140, 100], "uv_size": [10, 1]}
							}
						},
						{
							"origin": [-3.00844, -15.69462, -80.75],
							"size": [9.792, 0.26112, 0],
							"pivot": [-2.323, -5.90262, 4.114],
							"rotation": [0, 0, -90],
							"uv": {
								"north": {"uv": [140, 100], "uv_size": [10, 1]},
								"south": {"uv": [140, 100], "uv_size": [10, 1]}
							}
						},
						{
							"origin": [-5.45644, -15.69462, -80.75],
							"size": [9.792, 0.26112, 0],
							"pivot": [-4.771, -5.90262, 4.114],
							"rotation": [0, 0, -90],
							"uv": {
								"north": {"uv": [140, 100], "uv_size": [10, 1]},
								"south": {"uv": [140, 100], "uv_size": [10, 1]}
							}
						},
						{
							"origin": [-7.90444, -15.69462, -80.75],
							"size": [9.792, 0.26112, 0],
							"pivot": [-7.219, -5.90262, 4.114],
							"rotation": [0, 0, -90],
							"uv": {
								"north": {"uv": [140, 100], "uv_size": [10, 1]},
								"south": {"uv": [140, 100], "uv_size": [10, 1]}
							}
						},
						{
							"origin": [-1.63756, -15.69462, -80.75],
							"size": [9.792, 0.26112, 0],
							"pivot": [7.469, -5.90262, 4.114],
							"rotation": [0, 0, 90],
							"uv": {
								"north": {"uv": [140, 100], "uv_size": [10, 1]},
								"south": {"uv": [140, 100], "uv_size": [10, 1]}
							}
						},
						{
							"origin": [-4.08556, -15.69462, -80.75],
							"size": [9.792, 0.26112, 0],
							"pivot": [5.021, -5.90262, 4.114],
							"rotation": [0, 0, 90],
							"uv": {
								"north": {"uv": [140, 100], "uv_size": [10, 1]},
								"south": {"uv": [140, 100], "uv_size": [10, 1]}
							}
						},
						{
							"origin": [-6.53356, -15.69462, -80.75],
							"size": [9.792, 0.26112, 0],
							"pivot": [2.573, -5.90262, 4.114],
							"rotation": [0, 0, 90],
							"uv": {
								"north": {"uv": [140, 100], "uv_size": [10, 1]},
								"south": {"uv": [140, 100], "uv_size": [10, 1]}
							}
						}
					]
				},
				{
					"name": "scope_view",
					"pivot": [0, 3.07813, -1.75]
				}
			]
		}
	]
}