{
  "materials": [
    {
      "item": {
        "item": "minecraft:repeater"
      },
      "count": 4
    },
    {
      "item": {
        "tag": "forge:leather"
      },
      "count": 5
    },
    {
      "item": {
        "tag": "forge:nuggets/iron"
      },
      "count": 16
    },
    {
      "item": {
        "tag": "forge:ingots/iron"
      },
      "count": 34
    },
    {
      "item": {
        "tag": "forge:slimeballs"
      },
      "count": 4
    }
  ],
  "result": {
    "type": "gun",
    "id": "fallout:qlz87",
    "ammo_count": 1
  },
  "type": "tacz:gun_smith_table_crafting"
}