{
    "model": "fallout:gun/gauss_rifle_geo",
    "texture": "fallout:gun/uv/gauss_rifle",
    "lod": {
        "model": "fallout:gun/lod/gauss_rifle_lod",
        "texture": "fallout:gun/lod/gauss_rifle_lod"
    },
    "hud": "fallout:gun/hud/gauss_rifle",
    "slot": "fallout:gun/slot/gauss_rifle",
    "animation": "fallout:gauss_rifle",
    "use_default_animation": "rifle",
    "third_person_animation": "default",
    "transform": {
        "scale": {
            "thirdperson": [0.7, 0.7, 0.7],
            "ground": [0.7, 0.7, 0.7],
            "fixed": [1.2, 1.2, 1.2]
        }
    },
    "muzzle_flash": {
      "texture": "tacz:flash/common_muzzle_flash",
      "scale": 1
    },
    "shell": {
        "initial_velocity": [8.0, 5.0, -0.5],
        "random_velocity": [2.5, 1.5, 0.25],
        "acceleration": [0.0, -20, 0.0],
        "angular_velocity": [720, 720, 90],
        "living_time": 1.0
    },
    "sounds": {
        "shoot": "fallout:item/gauss_rifle_fire",
        "silence": "fallout:item/gauss_rifle_fire_s",
        "reload_empty": "fallout:item/gauss_rifle_reload",
        "reload_tactical": "fallout:item/gauss_rifle_reload",
        "inspect": "fallout:item/gauss_rifle_inspect",
        "inspect_empty": "fallout:item/gauss_rifle_inspect_empty",
        "draw": "fallout:item/gauss_rifle_draw",
        "bolt": "fallout:item/gauss_rifle_bolt",
        "put_away": "fallout:item/gauss_rifleput_away",
        "shoot_3p": "fallout:item/gauss_rifle_fire_3p",
        "silence_3p": "fallout:item/gauss_rifle_fire_s_3p"
    },
    "offhand_show": {
      "pos": [-2, 20, 4],
      "rotate": [0, 0, 45],
      "scale": [0.5, 0.5, 0.5]
    },
    "hotbar_show": {
      "0": {
        "pos": [-4, 26, 3],
        "rotate": [-90, -5, -90],
        "scale": [0.5, 0.5, 0.5]
      }
    }
}