{
  "ammo": "tacz:rpg_rocket",
  "rpm": 150,
  "ammo_amount": 1,
  "bolt": "open_bolt",
  "bullet": {
    "life": 3,
    "bullet_amount": 1,
    "damage": 20,
    "extra_damage": {
      "armor_ignore": 0.0,
      "head_shot_multiplier": 1
    },
    "speed": 80,
    "gravity": 0.015,
    "knockback": 0,
    "friction": 0.005,
    "ignite": false,
    "pierce": 0,
    "explosion": {
      "explode": true,
      "damage": 120,
      "radius": 7,
      "knockback": true,
      "destroy_block": true,
      "delay": 30
    }
  },
  "reload": {
    "type": "manual"
  },
  "draw_time": 1.7917,
  "put_away_time": 0.75,
  "aim_time": 0.2,
  "sprint_time": 0.2,
  "fire_mode": [
    "semi"
  ],
  "recoil": {
    "pitch": [
      {"time": 0, "value": [2.5, 2.5]},
      {"time": 0.3, "value": [2.5, 2.5]},
      {"time": 0.55, "value": [-0.75, -0.75]},
      {"time": 0.8, "value": [0.25, 0.25]},
      {"time": 1.2, "value": [0, 0]},
      {"time": 1.4, "value": [0, 0]}
    ],
    "yaw": [
      {"time": 0, "value": [-0.4, 0.4]},
      {"time": 0.55, "value": [0, 0]}
    ]
  },
  "inaccuracy": {
    "stand": 3,
    "move": 8,
    "sneak": 2,
    "lie": 1.5,
    "aim": 0.25
  },
  "melee": {
    "distance": 1,
    "cooldown": 1.0,
    "default": {
      "animation_type": "melee_stock",
      "distance": 1.5,
      "range_angle": 30,
      "damage": 5,
      "knockback": 0.75,
      "prep": 0.1
    }
  },
  "builtin_attachments": {
    "scope": "fallout:scope_dzj08"
  },
  "script": "fallout:dzj08_logic"
}