{
  "weight": 0.5,
  "movement_speed": {
    "base": 0.0,
    "aim": -0.15,
    "reload": -0.05
  },
  "ammo": "fallout:fusion_cell",
  "ammo_amount": 1,
  "bolt": "open_bolt",
  "rpm": 300,
  "bullet": {
    "life": 0.1,
    "bullet_amount": 1,
    "damage": 20,
    "tracer_count_interval": 0,
    "extra_damage": {
      "armor_ignore": 1.0,
      "head_shot_multiplier": 1.0,
      "damage_adjust": [
        {"distance": 6, "damage": 20},
        {"distance": 6.5, "damage": 18},
        {"distance": 7.0, "damage": 15},
        {"distance": 8.5, "damage": 10},
        {"distance": 9.0, "damage": 4},
        {"distance": "infinite", "damage": 2}
      ]
    },
    "speed": 100,
    "gravity": 0,
    "knockback": 0,
    "friction": 0,
    "ignite": false,
    "pierce": 1
  },
  "reload": {
    "type": "magazine",
    "feed": {
      "empty": 1.71,
      "tactical": 1.71
    },
    "cooldown": {
      "empty": 2.25,
      "tactical": 2.25
    }
  },
  "draw_time": 0.625,
  "put_away_time": 0.4167,
  "aim_time": 0.15,
  "sprint_time": 0.15,
  "fire_mode": [
    "semi"
  ],
  "recoil": {
    "pitch": [
      {"time": 0, "value": [0.25, 0.25]},
      {"time": 0.15, "value": [0.25, 0.25]},
      {"time": 0.32, "value": [0.05, 0.05]},
      {"time": 0.45, "value": [0.1, 0.1]}
    ],
    "yaw": [
      {"time": 0, "value": [-0.05, 0.05]},
      {"time": 0.2, "value": [0, 0]},
      {"time": 0.4, "value": [0, 0]}
    ]
  },
  "inaccuracy": {
    "stand": 1.0,
    "move": 1.2,
    "sneak": 0.95,
    "lie": 0.9,
    "aim": 0.05
  },
  "allow_attachment_types": [
  ]
}