{
	"format_version": "1.12.0",
	"minecraft:geometry": [
		{
			"description": {
				"identifier": "geometry.unknown",
				"texture_width": 128,
				"texture_height": 128,
				"visible_bounds_width": 4,
				"visible_bounds_height": 2.5,
				"visible_bounds_offset": [0, 0.75, 0]
			},
			"bones": [
				{
					"name": "root",
					"pivot": [0, 6.9, -10.2]
				},
				{
					"name": "mag_and_lefthand",
					"parent": "root",
					"pivot": [0, 5.8, 0]
				},
				{
					"name": "lefthand",
					"parent": "mag_and_lefthand",
					"pivot": [-6, 19, 8]
				},
				{
					"name": "lefthand_pos",
					"parent": "lefthand",
					"pivot": [0, 8, 8],
					"cubes": [
						{
							"origin": [-7, 8, 6],
							"size": [3, 12, 4],
							"uv": {
								"north": {"uv": [0, 0], "uv_size": [4, 12]},
								"east": {"uv": [4, 0], "uv_size": [4, 12]},
								"south": {"uv": [8, 0], "uv_size": [4, 12]},
								"west": {"uv": [0, 12], "uv_size": [4, 12]},
								"up": {"uv": [12, 0], "uv_size": [4, 4]},
								"down": {"uv": [4, 16], "uv_size": [4, -4]}
							}
						}
					]
				},
				{
					"name": "gun_and_righthand",
					"parent": "root",
					"pivot": [0, 0, 0]
				},
				{
					"name": "righthand",
					"parent": "gun_and_righthand",
					"pivot": [6, 19, 8]
				},
				{
					"name": "righthand_pos",
					"parent": "righthand",
					"pivot": [0, 8, 8],
					"cubes": [
						{
							"origin": [4, 8, 6],
							"size": [3, 12, 4],
							"uv": {
								"north": {"uv": [0, 0], "uv_size": [4, 12]},
								"east": {"uv": [4, 0], "uv_size": [4, 12]},
								"south": {"uv": [8, 0], "uv_size": [4, 12]},
								"west": {"uv": [0, 12], "uv_size": [4, 12]},
								"up": {"uv": [12, 0], "uv_size": [4, 4]},
								"down": {"uv": [4, 16], "uv_size": [4, -4]}
							}
						}
					]
				},
				{
					"name": "dzj08",
					"parent": "gun_and_righthand",
					"pivot": [0, 12, 0]
				},
				{
					"name": "bullet",
					"parent": "dzj08",
					"pivot": [0, 12, -2],
					"cubes": [
						{
							"origin": [-0.37279, 11.1, -19.5],
							"size": [0.74558, 1.8, 4],
							"uv": {
								"north": {"uv": [49, 19], "uv_size": [1, 2]},
								"south": {"uv": [49, 21], "uv_size": [1, 2]},
								"up": {"uv": [42, 34], "uv_size": [1, 4]},
								"down": {"uv": [42, 42], "uv_size": [1, -4]}
							}
						},
						{
							"origin": [-0.9, 11.62721, -19.5],
							"size": [1.8, 0.74558, 4],
							"pivot": [0, 12, -2],
							"rotation": [0, 0, 45],
							"uv": {
								"north": {"uv": [49, 23], "uv_size": [2, 1]},
								"east": {"uv": [42, 42], "uv_size": [4, 1]},
								"south": {"uv": [24, 49], "uv_size": [2, 1]},
								"west": {"uv": [43, 24], "uv_size": [4, 1]}
							}
						},
						{
							"origin": [-0.9, 11.62721, -19.5],
							"size": [1.8, 0.74558, 4],
							"uv": {
								"north": {"uv": [49, 24], "uv_size": [2, 1]},
								"east": {"uv": [43, 25], "uv_size": [4, 1]},
								"south": {"uv": [49, 25], "uv_size": [2, 1]},
								"west": {"uv": [43, 34], "uv_size": [4, 1]}
							}
						},
						{
							"origin": [-0.37279, 11.1, -19.5],
							"size": [0.74558, 1.8, 4],
							"pivot": [0, 12, -2],
							"rotation": [0, 0, 45],
							"uv": {
								"north": {"uv": [49, 26], "uv_size": [1, 2]},
								"south": {"uv": [49, 28], "uv_size": [1, 2]},
								"up": {"uv": [43, 35], "uv_size": [1, 4]},
								"down": {"uv": [42, 47], "uv_size": [1, -4]}
							}
						},
						{
							"origin": [-0.37279, 12.23413, -15.6393],
							"size": [0.74558, 1, 1.4375],
							"pivot": [0, 12, -15.65468],
							"rotation": [45, 0, 0],
							"uv": {
								"north": {"uv": [52, 56], "uv_size": [1, 1]},
								"east": {"uv": [53, 56], "uv_size": [1, 1]},
								"south": {"uv": [56, 53], "uv_size": [1, 1]},
								"west": {"uv": [54, 56], "uv_size": [1, 1]},
								"up": {"uv": [56, 54], "uv_size": [1, 1]},
								"down": {"uv": [55, 57], "uv_size": [1, -1]}
							}
						},
						{
							"origin": [-0.04212, 12.23413, -15.53714],
							"size": [0.39623, 1, 1.38181],
							"pivot": [0, 12, -15.65468],
							"rotation": [46.13154, 11.23918, 11.46188],
							"uv": {
								"north": {"uv": [56, 55], "uv_size": [1, 1]},
								"east": {"uv": [56, 56], "uv_size": [1, 1]},
								"south": {"uv": [0, 57], "uv_size": [1, 1]},
								"west": {"uv": [1, 57], "uv_size": [1, 1]},
								"up": {"uv": [2, 57], "uv_size": [1, 1]},
								"down": {"uv": [3, 58], "uv_size": [1, -1]}
							}
						},
						{
							"origin": [-0.35411, 12.23413, -15.53714],
							"size": [0.39623, 1, 1.38181],
							"pivot": [0, 12, -15.65468],
							"rotation": [46.13154, -11.23918, -11.46188],
							"uv": {
								"north": {"uv": [4, 57], "uv_size": [1, 1]},
								"east": {"uv": [5, 57], "uv_size": [1, 1]},
								"south": {"uv": [6, 57], "uv_size": [1, 1]},
								"west": {"uv": [7, 57], "uv_size": [1, 1]},
								"up": {"uv": [8, 57], "uv_size": [1, 1]},
								"down": {"uv": [9, 58], "uv_size": [1, -1]}
							}
						},
						{
							"origin": [-0.04212, 10.76587, -15.53714],
							"size": [0.39623, 1, 1.38181],
							"pivot": [0, 12, -15.65468],
							"rotation": [-46.13154, 11.23918, -11.46188],
							"uv": {
								"north": {"uv": [10, 57], "uv_size": [1, 1]},
								"east": {"uv": [11, 57], "uv_size": [1, 1]},
								"south": {"uv": [12, 57], "uv_size": [1, 1]},
								"west": {"uv": [13, 57], "uv_size": [1, 1]},
								"up": {"uv": [16, 57], "uv_size": [1, 1]},
								"down": {"uv": [57, 17], "uv_size": [1, -1]}
							}
						},
						{
							"origin": [-0.35411, 10.76587, -15.53714],
							"size": [0.39623, 1, 1.38181],
							"pivot": [0, 12, -15.65468],
							"rotation": [-46.13154, -11.23918, 11.46188],
							"uv": {
								"north": {"uv": [17, 57], "uv_size": [1, 1]},
								"east": {"uv": [57, 17], "uv_size": [1, 1]},
								"south": {"uv": [18, 57], "uv_size": [1, 1]},
								"west": {"uv": [57, 18], "uv_size": [1, 1]},
								"up": {"uv": [19, 57], "uv_size": [1, 1]},
								"down": {"uv": [20, 58], "uv_size": [1, -1]}
							}
						},
						{
							"origin": [-0.37279, 10.76587, -15.6393],
							"size": [0.74558, 1, 1.4375],
							"pivot": [0, 12, -15.65468],
							"rotation": [-45, 0, 0],
							"uv": {
								"north": {"uv": [21, 57], "uv_size": [1, 1]},
								"east": {"uv": [57, 21], "uv_size": [1, 1]},
								"south": {"uv": [22, 57], "uv_size": [1, 1]},
								"west": {"uv": [57, 22], "uv_size": [1, 1]},
								"up": {"uv": [23, 57], "uv_size": [1, 1]},
								"down": {"uv": [57, 24], "uv_size": [1, -1]}
							}
						},
						{
							"origin": [-0.04212, 10.76587, -15.53714],
							"size": [0.39623, 1, 1.38181],
							"pivot": [0, 12, -15.65468],
							"rotation": [-46.13154, 11.23918, 33.53812],
							"uv": {
								"north": {"uv": [24, 57], "uv_size": [1, 1]},
								"east": {"uv": [57, 25], "uv_size": [1, 1]},
								"south": {"uv": [27, 57], "uv_size": [1, 1]},
								"west": {"uv": [57, 27], "uv_size": [1, 1]},
								"up": {"uv": [57, 28], "uv_size": [1, 1]},
								"down": {"uv": [29, 58], "uv_size": [1, -1]}
							}
						},
						{
							"origin": [-0.37279, 10.76587, -15.6393],
							"size": [0.74558, 1, 1.4375],
							"pivot": [0, 12, -15.65468],
							"rotation": [-45, 0, 45],
							"uv": {
								"north": {"uv": [30, 57], "uv_size": [1, 1]},
								"east": {"uv": [57, 30], "uv_size": [1, 1]},
								"south": {"uv": [57, 31], "uv_size": [1, 1]},
								"west": {"uv": [32, 57], "uv_size": [1, 1]},
								"up": {"uv": [33, 57], "uv_size": [1, 1]},
								"down": {"uv": [34, 58], "uv_size": [1, -1]}
							}
						},
						{
							"origin": [-0.37279, 12.23413, -15.6393],
							"size": [0.74558, 1, 1.4375],
							"pivot": [0, 12, -15.65468],
							"rotation": [45, 0, 45],
							"uv": {
								"north": {"uv": [57, 34], "uv_size": [1, 1]},
								"east": {"uv": [35, 57], "uv_size": [1, 1]},
								"south": {"uv": [36, 57], "uv_size": [1, 1]},
								"west": {"uv": [37, 57], "uv_size": [1, 1]},
								"up": {"uv": [57, 37], "uv_size": [1, 1]},
								"down": {"uv": [57, 39], "uv_size": [1, -1]}
							}
						},
						{
							"origin": [-0.35411, 12.23413, -15.53714],
							"size": [0.39623, 1, 1.38181],
							"pivot": [0, 12, -15.65468],
							"rotation": [46.13154, -11.23918, 33.53812],
							"uv": {
								"north": {"uv": [39, 57], "uv_size": [1, 1]},
								"east": {"uv": [40, 57], "uv_size": [1, 1]},
								"south": {"uv": [57, 40], "uv_size": [1, 1]},
								"west": {"uv": [57, 41], "uv_size": [1, 1]},
								"up": {"uv": [42, 57], "uv_size": [1, 1]},
								"down": {"uv": [43, 58], "uv_size": [1, -1]}
							}
						},
						{
							"origin": [-0.04212, 10.76587, -15.53714],
							"size": [0.39623, 1, 1.38181],
							"pivot": [0, 12, -15.65468],
							"rotation": [-46.13154, 11.23918, 78.53812],
							"uv": {
								"north": {"uv": [57, 43], "uv_size": [1, 1]},
								"east": {"uv": [44, 57], "uv_size": [1, 1]},
								"south": {"uv": [45, 57], "uv_size": [1, 1]},
								"west": {"uv": [47, 57], "uv_size": [1, 1]},
								"up": {"uv": [48, 57], "uv_size": [1, 1]},
								"down": {"uv": [49, 58], "uv_size": [1, -1]}
							}
						},
						{
							"origin": [-0.35411, 10.76587, -15.53714],
							"size": [0.39623, 1, 1.38181],
							"pivot": [0, 12, -15.65468],
							"rotation": [-46.13154, -11.23918, 101.46188],
							"uv": {
								"north": {"uv": [57, 49], "uv_size": [1, 1]},
								"east": {"uv": [50, 57], "uv_size": [1, 1]},
								"south": {"uv": [57, 50], "uv_size": [1, 1]},
								"west": {"uv": [51, 57], "uv_size": [1, 1]},
								"up": {"uv": [57, 51], "uv_size": [1, 1]},
								"down": {"uv": [52, 58], "uv_size": [1, -1]}
							}
						},
						{
							"origin": [-0.04212, 12.23413, -15.53714],
							"size": [0.39623, 1, 1.38181],
							"pivot": [0, 12, -15.65468],
							"rotation": [46.13154, 11.23918, 101.46188],
							"uv": {
								"north": {"uv": [57, 52], "uv_size": [1, 1]},
								"east": {"uv": [53, 57], "uv_size": [1, 1]},
								"south": {"uv": [57, 53], "uv_size": [1, 1]},
								"west": {"uv": [54, 57], "uv_size": [1, 1]},
								"up": {"uv": [57, 54], "uv_size": [1, 1]},
								"down": {"uv": [55, 58], "uv_size": [1, -1]}
							}
						},
						{
							"origin": [-0.35411, 12.23413, -15.53714],
							"size": [0.39623, 1, 1.38181],
							"pivot": [0, 12, -15.65468],
							"rotation": [46.13154, -11.23918, 78.53812],
							"uv": {
								"north": {"uv": [57, 55], "uv_size": [1, 1]},
								"east": {"uv": [56, 57], "uv_size": [1, 1]},
								"south": {"uv": [57, 56], "uv_size": [1, 1]},
								"west": {"uv": [57, 57], "uv_size": [1, 1]},
								"up": {"uv": [0, 58], "uv_size": [1, 1]},
								"down": {"uv": [1, 59], "uv_size": [1, -1]}
							}
						},
						{
							"origin": [-0.04212, 10.76587, -15.53714],
							"size": [0.39623, 1, 1.38181],
							"pivot": [0, 12, -15.65468],
							"rotation": [-46.13154, 11.23918, 123.53812],
							"uv": {
								"north": {"uv": [2, 58], "uv_size": [1, 1]},
								"east": {"uv": [3, 58], "uv_size": [1, 1]},
								"south": {"uv": [4, 58], "uv_size": [1, 1]},
								"west": {"uv": [5, 58], "uv_size": [1, 1]},
								"up": {"uv": [6, 58], "uv_size": [1, 1]},
								"down": {"uv": [7, 59], "uv_size": [1, -1]}
							}
						},
						{
							"origin": [-0.35411, 10.76587, -15.53714],
							"size": [0.39623, 1, 1.38181],
							"pivot": [0, 12, -15.65468],
							"rotation": [-46.13154, -11.23918, 146.46188],
							"uv": {
								"north": {"uv": [8, 58], "uv_size": [1, 1]},
								"east": {"uv": [9, 58], "uv_size": [1, 1]},
								"south": {"uv": [10, 58], "uv_size": [1, 1]},
								"west": {"uv": [11, 58], "uv_size": [1, 1]},
								"up": {"uv": [12, 58], "uv_size": [1, 1]},
								"down": {"uv": [13, 59], "uv_size": [1, -1]}
							}
						},
						{
							"origin": [-0.37279, 10.76587, -15.6393],
							"size": [0.74558, 1, 1.4375],
							"pivot": [0, 12, -15.65468],
							"rotation": [-45, 0, 135],
							"uv": {
								"north": {"uv": [14, 58], "uv_size": [1, 1]},
								"east": {"uv": [15, 58], "uv_size": [1, 1]},
								"south": {"uv": [16, 58], "uv_size": [1, 1]},
								"west": {"uv": [58, 16], "uv_size": [1, 1]},
								"up": {"uv": [17, 58], "uv_size": [1, 1]},
								"down": {"uv": [58, 18], "uv_size": [1, -1]}
							}
						},
						{
							"origin": [-0.04212, 12.23413, -15.53714],
							"size": [0.39623, 1, 1.38181],
							"pivot": [0, 12, -15.65468],
							"rotation": [46.13154, 11.23918, 146.46188],
							"uv": {
								"north": {"uv": [18, 58], "uv_size": [1, 1]},
								"east": {"uv": [58, 18], "uv_size": [1, 1]},
								"south": {"uv": [19, 58], "uv_size": [1, 1]},
								"west": {"uv": [58, 19], "uv_size": [1, 1]},
								"up": {"uv": [20, 58], "uv_size": [1, 1]},
								"down": {"uv": [58, 21], "uv_size": [1, -1]}
							}
						},
						{
							"origin": [-0.37279, 12.23413, -15.6393],
							"size": [0.74558, 1, 1.4375],
							"pivot": [0, 12, -15.65468],
							"rotation": [45, 0, 135],
							"uv": {
								"north": {"uv": [21, 58], "uv_size": [1, 1]},
								"east": {"uv": [58, 21], "uv_size": [1, 1]},
								"south": {"uv": [22, 58], "uv_size": [1, 1]},
								"west": {"uv": [58, 22], "uv_size": [1, 1]},
								"up": {"uv": [23, 58], "uv_size": [1, 1]},
								"down": {"uv": [58, 24], "uv_size": [1, -1]}
							}
						},
						{
							"origin": [-0.35411, 12.23413, -15.53714],
							"size": [0.39623, 1, 1.38181],
							"pivot": [0, 12, -15.65468],
							"rotation": [46.13154, -11.23918, 123.53812],
							"uv": {
								"north": {"uv": [24, 58], "uv_size": [1, 1]},
								"east": {"uv": [58, 24], "uv_size": [1, 1]},
								"south": {"uv": [25, 58], "uv_size": [1, 1]},
								"west": {"uv": [58, 25], "uv_size": [1, 1]},
								"up": {"uv": [26, 58], "uv_size": [1, 1]},
								"down": {"uv": [58, 27], "uv_size": [1, -1]}
							}
						},
						{
							"origin": [-1.9, 11.21299, -15.5],
							"size": [3.8, 1.57401, 31],
							"uv": {
								"north": {"uv": [26, 26], "uv_size": [4, 2]},
								"east": {"uv": [16, 16], "uv_size": [31, 2]},
								"south": {"uv": [26, 28], "uv_size": [4, 2]},
								"west": {"uv": [16, 18], "uv_size": [31, 2]}
							}
						},
						{
							"origin": [-1.9, 11.21299, -15.5],
							"size": [3.8, 1.57401, 31],
							"pivot": [0, 12, 15],
							"rotation": [0, 0, 45],
							"uv": {
								"north": {"uv": [26, 30], "uv_size": [4, 2]},
								"east": {"uv": [16, 20], "uv_size": [31, 2]},
								"south": {"uv": [30, 26], "uv_size": [4, 2]},
								"west": {"uv": [16, 22], "uv_size": [31, 2]}
							}
						},
						{
							"origin": [-0.78701, 10.1, -15.5],
							"size": [1.57401, 3.8, 31],
							"uv": {
								"north": {"uv": [30, 28], "uv_size": [2, 4]},
								"south": {"uv": [26, 32], "uv_size": [2, 4]},
								"up": {"uv": [16, 24], "uv_size": [2, 31]},
								"down": {"uv": [18, 55], "uv_size": [2, -31]}
							}
						},
						{
							"origin": [-0.78701, 10.1, -15.5],
							"size": [1.57401, 3.8, 31],
							"pivot": [0, 12, 15],
							"rotation": [0, 0, 45],
							"uv": {
								"north": {"uv": [28, 32], "uv_size": [2, 4]},
								"south": {"uv": [32, 28], "uv_size": [2, 4]},
								"up": {"uv": [20, 24], "uv_size": [2, 31]},
								"down": {"uv": [22, 55], "uv_size": [2, -31]}
							}
						},
						{
							"origin": [-0.35411, 10.76587, -15.53714],
							"size": [0.39623, 1, 1.38181],
							"pivot": [0, 12, -15.65468],
							"rotation": [-46.13154, -11.23918, 56.46188],
							"uv": {
								"north": {"uv": [27, 58], "uv_size": [1, 1]},
								"east": {"uv": [58, 27], "uv_size": [1, 1]},
								"south": {"uv": [28, 58], "uv_size": [1, 1]},
								"west": {"uv": [58, 28], "uv_size": [1, 1]},
								"up": {"uv": [29, 58], "uv_size": [1, 1]},
								"down": {"uv": [58, 30], "uv_size": [1, -1]}
							}
						},
						{
							"origin": [-0.04212, 12.23413, -15.53714],
							"size": [0.39623, 1, 1.38181],
							"pivot": [0, 12, -15.65468],
							"rotation": [46.13154, 11.23918, 56.46188],
							"uv": {
								"north": {"uv": [30, 58], "uv_size": [1, 1]},
								"east": {"uv": [58, 30], "uv_size": [1, 1]},
								"south": {"uv": [31, 58], "uv_size": [1, 1]},
								"west": {"uv": [58, 31], "uv_size": [1, 1]},
								"up": {"uv": [32, 58], "uv_size": [1, 1]},
								"down": {"uv": [58, 33], "uv_size": [1, -1]}
							}
						},
						{
							"origin": [-0.37279, 10.76587, -15.6393],
							"size": [0.74558, 1, 1.4375],
							"pivot": [0, 12, -15.65468],
							"rotation": [-45, 0, 90],
							"uv": {
								"north": {"uv": [33, 58], "uv_size": [1, 1]},
								"east": {"uv": [58, 33], "uv_size": [1, 1]},
								"south": {"uv": [34, 58], "uv_size": [1, 1]},
								"west": {"uv": [58, 34], "uv_size": [1, 1]},
								"up": {"uv": [35, 58], "uv_size": [1, 1]},
								"down": {"uv": [58, 36], "uv_size": [1, -1]}
							}
						},
						{
							"origin": [-0.37279, 12.23413, -15.6393],
							"size": [0.74558, 1, 1.4375],
							"pivot": [0, 12, -15.65468],
							"rotation": [45, 0, 90],
							"uv": {
								"north": {"uv": [36, 58], "uv_size": [1, 1]},
								"east": {"uv": [58, 36], "uv_size": [1, 1]},
								"south": {"uv": [37, 58], "uv_size": [1, 1]},
								"west": {"uv": [58, 37], "uv_size": [1, 1]},
								"up": {"uv": [38, 58], "uv_size": [1, 1]},
								"down": {"uv": [58, 39], "uv_size": [1, -1]}
							}
						}
					]
				},
				{
					"name": "grip",
					"parent": "dzj08",
					"pivot": [0, 8.125, -10.125],
					"cubes": [
						{
							"origin": [-0.5, 5.125, -9.5],
							"size": [1, 1, 0.5],
							"pivot": [0, 5.125, -9],
							"rotation": [5, 0, 0],
							"uv": {
								"north": {"uv": [39, 58], "uv_size": [1, 1]},
								"east": {"uv": [58, 39], "uv_size": [1, 1]},
								"south": {"uv": [40, 58], "uv_size": [1, 1]},
								"west": {"uv": [58, 40], "uv_size": [1, 1]},
								"up": {"uv": [41, 58], "uv_size": [1, 1]},
								"down": {"uv": [58, 42], "uv_size": [1, -1]}
							}
						},
						{
							"origin": [-0.5, 7.125, -10.75],
							"size": [1, 0.75, 0.25],
							"uv": {
								"north": {"uv": [47, 40], "uv_size": [1, 1]},
								"east": {"uv": [49, 56], "uv_size": [1, 1]},
								"west": {"uv": [56, 50], "uv_size": [1, 1]},
								"up": {"uv": [56, 51], "uv_size": [1, 1]}
							}
						},
						{
							"origin": [-0.5, 6.125, -10.75],
							"size": [1, 1, 0.25],
							"pivot": [0, 7.125, -10.75],
							"rotation": [7.5, 0, 0],
							"uv": {
								"north": {"uv": [42, 58], "uv_size": [1, 1]},
								"east": {"uv": [58, 42], "uv_size": [1, 1]},
								"west": {"uv": [43, 58], "uv_size": [1, 1]}
							}
						},
						{
							"origin": [-0.5, 4.375, -10.75],
							"size": [1, 0.25, 0.25],
							"uv": {
								"north": {"uv": [58, 43], "uv_size": [1, 1]},
								"east": {"uv": [44, 58], "uv_size": [1, 1]},
								"west": {"uv": [58, 44], "uv_size": [1, 1]},
								"up": {"uv": [45, 58], "uv_size": [1, 1]}
							}
						},
						{
							"origin": [-0.5, 4.625, -10.75],
							"size": [1, 1.5625, 0.25],
							"pivot": [0, 4.625, -10.75],
							"rotation": [-5, 0, 0],
							"uv": {
								"north": {"uv": [46, 49], "uv_size": [1, 2]},
								"east": {"uv": [47, 49], "uv_size": [1, 2]},
								"south": {"uv": [12, 50], "uv_size": [1, 2]},
								"west": {"uv": [13, 50], "uv_size": [1, 2]},
								"up": {"uv": [58, 45], "uv_size": [1, 1]},
								"down": {"uv": [46, 59], "uv_size": [1, -1]}
							}
						},
						{
							"origin": [-0.5, 4.02145, -10.75],
							"size": [1, 0.35355, 0.25],
							"pivot": [0, 4.375, -10.75],
							"rotation": [45, 0, 0],
							"uv": {
								"north": {"uv": [58, 46], "uv_size": [1, 1]},
								"east": {"uv": [47, 58], "uv_size": [1, 1]},
								"west": {"uv": [58, 47], "uv_size": [1, 1]}
							}
						},
						{
							"origin": [-0.5, 4.125, -10.5],
							"size": [1, 3.75, 1],
							"uv": {
								"north": {"uv": [43, 43], "uv_size": [1, 4]},
								"east": {"uv": [44, 26], "uv_size": [1, 4]},
								"south": {"uv": [30, 44], "uv_size": [1, 4]},
								"west": {"uv": [31, 44], "uv_size": [1, 4]},
								"up": {"uv": [48, 58], "uv_size": [1, 1]},
								"down": {"uv": [58, 49], "uv_size": [1, -1]}
							}
						},
						{
							"origin": [-0.5, 6.07326, -9.9375],
							"size": [1, 1.80174, 0.43738],
							"pivot": [0, 7.875, -9.5],
							"rotation": [13.25, 0, 0],
							"uv": {
								"north": {"uv": [14, 50], "uv_size": [1, 2]},
								"east": {"uv": [50, 16], "uv_size": [1, 2]},
								"south": {"uv": [50, 18], "uv_size": [1, 2]},
								"west": {"uv": [50, 20], "uv_size": [1, 2]},
								"down": {"uv": [49, 59], "uv_size": [1, -1]}
							}
						},
						{
							"origin": [-0.5, 4.125, -9.5],
							"size": [1, 1, 0.5],
							"uv": {
								"east": {"uv": [58, 49], "uv_size": [1, 1]},
								"south": {"uv": [50, 58], "uv_size": [1, 1]},
								"west": {"uv": [58, 50], "uv_size": [1, 1]},
								"up": {"uv": [51, 58], "uv_size": [1, 1]},
								"down": {"uv": [58, 52], "uv_size": [1, -1]}
							}
						}
					]
				},
				{
					"name": "body",
					"parent": "dzj08",
					"pivot": [0, 12, 0.5],
					"cubes": [
						{
							"origin": [-1.0024, 9.58, -23.25],
							"size": [2.00479, 0.5, 46.5],
							"pivot": [0, 12, 0.5],
							"rotation": [0, 0, 45],
							"uv": {
								"north": {"uv": [50, 22], "uv_size": [2, 1]},
								"south": {"uv": [24, 50], "uv_size": [2, 1]},
								"up": {"uv": [0, 0], "uv_size": [2, 47]},
								"down": {"uv": [2, 47], "uv_size": [2, -47]}
							}
						},
						{
							"origin": [-1.0024, 9.58, -23.25],
							"size": [2.00479, 0.5, 46.5],
							"uv": {
								"north": {"uv": [26, 50], "uv_size": [2, 1]},
								"south": {"uv": [50, 26], "uv_size": [2, 1]},
								"up": {"uv": [4, 0], "uv_size": [2, 47]},
								"down": {"uv": [6, 47], "uv_size": [2, -47]}
							}
						},
						{
							"origin": [-1.0024, 13.92, -23.25],
							"size": [2.00479, 0.5, 46.5],
							"pivot": [0, 12, 0.5],
							"rotation": [0, 0, 45],
							"uv": {
								"north": {"uv": [50, 27], "uv_size": [2, 1]},
								"south": {"uv": [28, 50], "uv_size": [2, 1]},
								"up": {"uv": [8, 0], "uv_size": [2, 47]},
								"down": {"uv": [10, 47], "uv_size": [2, -47]}
							}
						},
						{
							"origin": [-1.0024, 13.92, -23.25],
							"size": [2.00479, 0.5, 46.5],
							"uv": {
								"north": {"uv": [50, 28], "uv_size": [2, 1]},
								"south": {"uv": [50, 29], "uv_size": [2, 1]},
								"up": {"uv": [12, 0], "uv_size": [2, 47]},
								"down": {"uv": [14, 47], "uv_size": [2, -47]}
							}
						},
						{
							"origin": [1.92, 10.9976, -23.25],
							"size": [0.5, 2.00479, 46.5],
							"pivot": [0, 12, 0.5],
							"rotation": [0, 0, 45],
							"uv": {
								"north": {"uv": [30, 50], "uv_size": [1, 2]},
								"east": {"uv": [16, 0], "uv_size": [47, 2]},
								"south": {"uv": [50, 30], "uv_size": [1, 2]},
								"west": {"uv": [16, 2], "uv_size": [47, 2]}
							}
						},
						{
							"origin": [1.92, 10.9976, -23.25],
							"size": [0.5, 2.00479, 46.5],
							"uv": {
								"north": {"uv": [31, 50], "uv_size": [1, 2]},
								"east": {"uv": [16, 4], "uv_size": [47, 2]},
								"south": {"uv": [32, 50], "uv_size": [1, 2]},
								"west": {"uv": [16, 6], "uv_size": [47, 2]}
							}
						},
						{
							"origin": [-2.42, 10.9976, -23.25],
							"size": [0.5, 2.00479, 46.5],
							"pivot": [0, 12, 0.5],
							"rotation": [0, 0, 45],
							"uv": {
								"north": {"uv": [50, 32], "uv_size": [1, 2]},
								"east": {"uv": [16, 8], "uv_size": [47, 2]},
								"south": {"uv": [33, 50], "uv_size": [1, 2]},
								"west": {"uv": [16, 10], "uv_size": [47, 2]}
							}
						},
						{
							"origin": [-2.42, 10.9976, -23.25],
							"size": [0.5, 2.00479, 46.5],
							"uv": {
								"north": {"uv": [34, 50], "uv_size": [1, 2]},
								"east": {"uv": [16, 12], "uv_size": [47, 2]},
								"south": {"uv": [35, 50], "uv_size": [1, 2]},
								"west": {"uv": [16, 14], "uv_size": [47, 2]}
							}
						},
						{
							"origin": [0.91664, 9.47993, -17.39172],
							"size": [0.11752, 0.25, 2.00267],
							"pivot": [0, 12, -16.02636],
							"rotation": [7.5085, -2.7265, -0.3592],
							"uv": {
								"north": {"uv": [52, 58], "uv_size": [1, 1]},
								"east": {"uv": [50, 35], "uv_size": [2, 1]},
								"south": {"uv": [58, 52], "uv_size": [1, 1]},
								"west": {"uv": [36, 50], "uv_size": [2, 1]},
								"up": {"uv": [50, 36], "uv_size": [1, 2]},
								"down": {"uv": [38, 52], "uv_size": [1, -2]}
							}
						},
						{
							"origin": [-1.03416, 9.47993, -17.39172],
							"size": [0.11752, 0.25, 2.00267],
							"pivot": [0, 12, -16.02636],
							"rotation": [7.5085, 2.7265, 0.3592],
							"uv": {
								"north": {"uv": [53, 58], "uv_size": [1, 1]},
								"east": {"uv": [50, 38], "uv_size": [2, 1]},
								"south": {"uv": [58, 53], "uv_size": [1, 1]},
								"west": {"uv": [39, 50], "uv_size": [2, 1]},
								"up": {"uv": [50, 40], "uv_size": [1, 2]},
								"down": {"uv": [41, 52], "uv_size": [1, -2]}
							}
						},
						{
							"origin": [-1.03416, 14.27007, -17.39172],
							"size": [0.11752, 0.25, 2.00267],
							"pivot": [0, 12, -16.02636],
							"rotation": [-7.5085, 2.7265, -0.3592],
							"uv": {
								"north": {"uv": [54, 58], "uv_size": [1, 1]},
								"east": {"uv": [50, 42], "uv_size": [2, 1]},
								"south": {"uv": [58, 54], "uv_size": [1, 1]},
								"west": {"uv": [50, 43], "uv_size": [2, 1]},
								"up": {"uv": [50, 44], "uv_size": [1, 2]},
								"down": {"uv": [50, 48], "uv_size": [1, -2]}
							}
						},
						{
							"origin": [0.91664, 14.27007, -17.39172],
							"size": [0.11752, 0.25, 2.00267],
							"pivot": [0, 12, -16.02636],
							"rotation": [-7.5085, -2.7265, 0.3592],
							"uv": {
								"north": {"uv": [55, 58], "uv_size": [1, 1]},
								"east": {"uv": [48, 50], "uv_size": [2, 1]},
								"south": {"uv": [58, 55], "uv_size": [1, 1]},
								"west": {"uv": [50, 48], "uv_size": [2, 1]},
								"up": {"uv": [50, 49], "uv_size": [1, 2]},
								"down": {"uv": [0, 53], "uv_size": [1, -2]}
							}
						},
						{
							"origin": [-1.0024, 14.27007, -17.34018],
							"size": [2.00479, 0.25, 2],
							"pivot": [0, 12, -16.02636],
							"rotation": [-7.5, 0, 0],
							"uv": {
								"north": {"uv": [1, 51], "uv_size": [2, 1]},
								"east": {"uv": [3, 51], "uv_size": [2, 1]},
								"south": {"uv": [5, 51], "uv_size": [2, 1]},
								"west": {"uv": [7, 51], "uv_size": [2, 1]},
								"up": {"uv": [43, 39], "uv_size": [2, 2]},
								"down": {"uv": [32, 46], "uv_size": [2, -2]}
							}
						},
						{
							"origin": [-1.0024, 9.47993, -17.34018],
							"size": [2.00479, 0.25, 2],
							"pivot": [0, 12, -16.02636],
							"rotation": [7.5, 0, -135],
							"uv": {
								"north": {"uv": [9, 51], "uv_size": [2, 1]},
								"east": {"uv": [51, 16], "uv_size": [2, 1]},
								"south": {"uv": [51, 17], "uv_size": [2, 1]},
								"west": {"uv": [51, 18], "uv_size": [2, 1]},
								"up": {"uv": [34, 44], "uv_size": [2, 2]},
								"down": {"uv": [44, 37], "uv_size": [2, -2]}
							}
						},
						{
							"origin": [-2.67, 10.89405, -21],
							"size": [0.75, 2.2119, 4],
							"uv": {
								"north": {"uv": [11, 51], "uv_size": [1, 2]},
								"east": {"uv": [30, 32], "uv_size": [4, 2]},
								"south": {"uv": [51, 19], "uv_size": [1, 2]},
								"west": {"uv": [34, 26], "uv_size": [4, 2]}
							}
						},
						{
							"origin": [-2.67, 10.89405, -21],
							"size": [0.75, 2.2119, 4],
							"pivot": [0, 12, -20.5],
							"rotation": [0, 0, 45],
							"uv": {
								"north": {"uv": [51, 23], "uv_size": [1, 2]},
								"east": {"uv": [34, 28], "uv_size": [4, 2]},
								"south": {"uv": [24, 51], "uv_size": [1, 2]},
								"west": {"uv": [30, 34], "uv_size": [4, 2]}
							}
						},
						{
							"origin": [1.92, 10.89405, -21],
							"size": [0.75, 2.2119, 4],
							"uv": {
								"north": {"uv": [25, 51], "uv_size": [1, 2]},
								"east": {"uv": [34, 30], "uv_size": [4, 2]},
								"south": {"uv": [26, 51], "uv_size": [1, 2]},
								"west": {"uv": [34, 32], "uv_size": [4, 2]}
							}
						},
						{
							"origin": [1.92, 10.89405, -21],
							"size": [0.75, 2.2119, 4],
							"pivot": [0, 12, -20.5],
							"rotation": [0, 0, 45],
							"uv": {
								"north": {"uv": [27, 51], "uv_size": [1, 2]},
								"east": {"uv": [34, 34], "uv_size": [4, 2]},
								"south": {"uv": [28, 51], "uv_size": [1, 2]},
								"west": {"uv": [35, 24], "uv_size": [4, 2]}
							}
						},
						{
							"origin": [-1.10595, 13.92, -21],
							"size": [2.2119, 0.75, 4],
							"uv": {
								"north": {"uv": [51, 21], "uv_size": [2, 1]},
								"south": {"uv": [51, 25], "uv_size": [2, 1]},
								"up": {"uv": [26, 36], "uv_size": [2, 4]},
								"down": {"uv": [28, 40], "uv_size": [2, -4]}
							}
						},
						{
							"origin": [-1.10595, 13.92, -21],
							"size": [2.2119, 0.75, 4],
							"pivot": [0, 12, -20.5],
							"rotation": [0, 0, 45],
							"uv": {
								"north": {"uv": [51, 30], "uv_size": [2, 1]},
								"south": {"uv": [51, 31], "uv_size": [2, 1]},
								"up": {"uv": [30, 36], "uv_size": [2, 4]},
								"down": {"uv": [32, 40], "uv_size": [2, -4]}
							}
						},
						{
							"origin": [-1.10595, 9.33, -21],
							"size": [2.2119, 0.75, 4],
							"uv": {
								"north": {"uv": [51, 32], "uv_size": [2, 1]},
								"south": {"uv": [51, 33], "uv_size": [2, 1]},
								"up": {"uv": [34, 36], "uv_size": [2, 4]},
								"down": {"uv": [36, 40], "uv_size": [2, -4]}
							}
						},
						{
							"origin": [-1.10595, 9.33, -21],
							"size": [2.2119, 0.75, 4],
							"pivot": [0, 12, -20.5],
							"rotation": [0, 0, 45],
							"uv": {
								"north": {"uv": [51, 34], "uv_size": [2, 1]},
								"south": {"uv": [36, 51], "uv_size": [2, 1]},
								"up": {"uv": [24, 37], "uv_size": [2, 4]},
								"down": {"uv": [38, 30], "uv_size": [2, -4]}
							}
						},
						{
							"origin": [0.91664, 9.47993, 15.38906],
							"size": [0.11752, 0.25, 2.00267],
							"pivot": [0, 12, 16.02636],
							"rotation": [-7.5085, 2.7265, -0.3592],
							"uv": {
								"north": {"uv": [56, 58], "uv_size": [1, 1]},
								"east": {"uv": [51, 36], "uv_size": [2, 1]},
								"south": {"uv": [58, 56], "uv_size": [1, 1]},
								"west": {"uv": [51, 37], "uv_size": [2, 1]},
								"up": {"uv": [29, 51], "uv_size": [1, 2]},
								"down": {"uv": [39, 53], "uv_size": [1, -2]}
							}
						},
						{
							"origin": [-1.03416, 9.47993, 15.38906],
							"size": [0.11752, 0.25, 2.00267],
							"pivot": [0, 12, 16.02636],
							"rotation": [-7.5085, -2.7265, 0.3592],
							"uv": {
								"north": {"uv": [57, 58], "uv_size": [1, 1]},
								"east": {"uv": [51, 39], "uv_size": [2, 1]},
								"south": {"uv": [58, 57], "uv_size": [1, 1]},
								"west": {"uv": [51, 40], "uv_size": [2, 1]},
								"up": {"uv": [40, 51], "uv_size": [1, 2]},
								"down": {"uv": [42, 53], "uv_size": [1, -2]}
							}
						},
						{
							"origin": [-1.03416, 14.27007, 15.38906],
							"size": [0.11752, 0.25, 2.00267],
							"pivot": [0, 12, 16.02636],
							"rotation": [7.5085, -2.7265, -0.3592],
							"uv": {
								"north": {"uv": [58, 58], "uv_size": [1, 1]},
								"east": {"uv": [51, 41], "uv_size": [2, 1]},
								"south": {"uv": [0, 59], "uv_size": [1, 1]},
								"west": {"uv": [43, 51], "uv_size": [2, 1]},
								"up": {"uv": [51, 44], "uv_size": [1, 2]},
								"down": {"uv": [45, 53], "uv_size": [1, -2]}
							}
						},
						{
							"origin": [0.91664, 14.27007, 15.38906],
							"size": [0.11752, 0.25, 2.00267],
							"pivot": [0, 12, 16.02636],
							"rotation": [7.5085, 2.7265, 0.3592],
							"uv": {
								"north": {"uv": [1, 59], "uv_size": [1, 1]},
								"east": {"uv": [46, 51], "uv_size": [2, 1]},
								"south": {"uv": [2, 59], "uv_size": [1, 1]},
								"west": {"uv": [51, 46], "uv_size": [2, 1]},
								"up": {"uv": [48, 51], "uv_size": [1, 2]},
								"down": {"uv": [49, 53], "uv_size": [1, -2]}
							}
						},
						{
							"origin": [-1.0024, 14.27007, 15.34018],
							"size": [2.00479, 0.25, 2],
							"pivot": [0, 12, 16.02636],
							"rotation": [7.5, 0, 0],
							"uv": {
								"north": {"uv": [51, 47], "uv_size": [2, 1]},
								"east": {"uv": [51, 49], "uv_size": [2, 1]},
								"south": {"uv": [50, 51], "uv_size": [2, 1]},
								"west": {"uv": [51, 50], "uv_size": [2, 1]},
								"up": {"uv": [36, 44], "uv_size": [2, 2]},
								"down": {"uv": [44, 39], "uv_size": [2, -2]}
							}
						},
						{
							"origin": [-1.0024, 9.47993, 15.34018],
							"size": [2.00479, 0.25, 2],
							"pivot": [0, 12, 16.02636],
							"rotation": [-7.5, 0, -135],
							"uv": {
								"north": {"uv": [1, 52], "uv_size": [2, 1]},
								"east": {"uv": [3, 52], "uv_size": [2, 1]},
								"south": {"uv": [5, 52], "uv_size": [2, 1]},
								"west": {"uv": [7, 52], "uv_size": [2, 1]},
								"up": {"uv": [38, 44], "uv_size": [2, 2]},
								"down": {"uv": [40, 46], "uv_size": [2, -2]}
							}
						},
						{
							"origin": [-2.67, 10.89405, 17],
							"size": [0.75, 2.2119, 4],
							"uv": {
								"north": {"uv": [9, 52], "uv_size": [1, 2]},
								"east": {"uv": [38, 30], "uv_size": [4, 2]},
								"south": {"uv": [10, 52], "uv_size": [1, 2]},
								"west": {"uv": [38, 32], "uv_size": [4, 2]}
							}
						},
						{
							"origin": [-2.67, 10.89405, 17],
							"size": [0.75, 2.2119, 4],
							"pivot": [0, 12, 20.5],
							"rotation": [0, 0, 45],
							"uv": {
								"north": {"uv": [12, 52], "uv_size": [1, 2]},
								"east": {"uv": [38, 34], "uv_size": [4, 2]},
								"south": {"uv": [13, 52], "uv_size": [1, 2]},
								"west": {"uv": [38, 36], "uv_size": [4, 2]}
							}
						},
						{
							"origin": [1.92, 10.89405, 17],
							"size": [0.75, 2.2119, 4],
							"uv": {
								"north": {"uv": [14, 52], "uv_size": [1, 2]},
								"east": {"uv": [38, 38], "uv_size": [4, 2]},
								"south": {"uv": [15, 52], "uv_size": [1, 2]},
								"west": {"uv": [39, 24], "uv_size": [4, 2]}
							}
						},
						{
							"origin": [1.92, 10.89405, 17],
							"size": [0.75, 2.2119, 4],
							"pivot": [0, 12, 20.5],
							"rotation": [0, 0, 45],
							"uv": {
								"north": {"uv": [52, 19], "uv_size": [1, 2]},
								"east": {"uv": [26, 40], "uv_size": [4, 2]},
								"south": {"uv": [52, 22], "uv_size": [1, 2]},
								"west": {"uv": [40, 26], "uv_size": [4, 2]}
							}
						},
						{
							"origin": [-1.10595, 13.92, 17],
							"size": [2.2119, 0.75, 4],
							"uv": {
								"north": {"uv": [52, 24], "uv_size": [2, 1]},
								"south": {"uv": [52, 26], "uv_size": [2, 1]},
								"up": {"uv": [30, 40], "uv_size": [2, 4]},
								"down": {"uv": [32, 44], "uv_size": [2, -4]}
							}
						},
						{
							"origin": [-1.10595, 13.92, 17],
							"size": [2.2119, 0.75, 4],
							"pivot": [0, 12, 20.5],
							"rotation": [0, 0, 45],
							"uv": {
								"north": {"uv": [52, 27], "uv_size": [2, 1]},
								"south": {"uv": [52, 28], "uv_size": [2, 1]},
								"up": {"uv": [34, 40], "uv_size": [2, 4]},
								"down": {"uv": [36, 44], "uv_size": [2, -4]}
							}
						},
						{
							"origin": [-1.10595, 9.33, 17],
							"size": [2.2119, 0.75, 4],
							"uv": {
								"north": {"uv": [52, 29], "uv_size": [2, 1]},
								"south": {"uv": [30, 52], "uv_size": [2, 1]},
								"up": {"uv": [38, 40], "uv_size": [2, 4]},
								"down": {"uv": [40, 44], "uv_size": [2, -4]}
							}
						},
						{
							"origin": [-1.10595, 9.33, 17],
							"size": [2.2119, 0.75, 4],
							"pivot": [0, 12, 20.5],
							"rotation": [0, 0, 45],
							"uv": {
								"north": {"uv": [32, 52], "uv_size": [2, 1]},
								"south": {"uv": [34, 52], "uv_size": [2, 1]},
								"up": {"uv": [24, 41], "uv_size": [2, 4]},
								"down": {"uv": [26, 46], "uv_size": [2, -4]}
							}
						},
						{
							"origin": [-2.92, 10.7905, -23],
							"size": [1, 2.41901, 1.5],
							"uv": {
								"north": {"uv": [36, 52], "uv_size": [1, 2]},
								"east": {"uv": [44, 43], "uv_size": [2, 2]},
								"south": {"uv": [37, 52], "uv_size": [1, 2]},
								"west": {"uv": [24, 45], "uv_size": [2, 2]}
							}
						},
						{
							"origin": [-2.92, 10.7905, -23],
							"size": [1, 2.41901, 1.5],
							"pivot": [0, 12, -22.5],
							"rotation": [0, 0, 45],
							"uv": {
								"north": {"uv": [38, 52], "uv_size": [1, 2]},
								"east": {"uv": [45, 26], "uv_size": [2, 2]},
								"south": {"uv": [41, 52], "uv_size": [1, 2]},
								"west": {"uv": [45, 28], "uv_size": [2, 2]}
							}
						},
						{
							"origin": [1.92, 10.7905, -23],
							"size": [1, 2.41901, 1.5],
							"uv": {
								"north": {"uv": [52, 42], "uv_size": [1, 2]},
								"east": {"uv": [45, 39], "uv_size": [2, 2]},
								"south": {"uv": [43, 52], "uv_size": [1, 2]},
								"west": {"uv": [44, 45], "uv_size": [2, 2]}
							}
						},
						{
							"origin": [1.92, 10.7905, -23],
							"size": [1, 2.41901, 1.5],
							"pivot": [0, 12, -22.5],
							"rotation": [0, 0, 45],
							"uv": {
								"north": {"uv": [44, 52], "uv_size": [1, 2]},
								"east": {"uv": [26, 46], "uv_size": [2, 2]},
								"south": {"uv": [52, 44], "uv_size": [1, 2]},
								"west": {"uv": [46, 30], "uv_size": [2, 2]}
							}
						},
						{
							"origin": [-1.2095, 13.92, -23],
							"size": [2.41901, 1, 1.5],
							"uv": {
								"north": {"uv": [52, 35], "uv_size": [2, 1]},
								"south": {"uv": [52, 38], "uv_size": [2, 1]},
								"up": {"uv": [32, 46], "uv_size": [2, 2]},
								"down": {"uv": [34, 48], "uv_size": [2, -2]}
							}
						},
						{
							"origin": [-1.2095, 13.92, -23],
							"size": [2.41901, 1, 1.5],
							"pivot": [0, 12, -22.5],
							"rotation": [0, 0, 45],
							"uv": {
								"north": {"uv": [46, 52], "uv_size": [2, 1]},
								"south": {"uv": [52, 48], "uv_size": [2, 1]},
								"up": {"uv": [46, 35], "uv_size": [2, 2]},
								"down": {"uv": [36, 48], "uv_size": [2, -2]}
							}
						},
						{
							"origin": [-1.2095, 9.08, -23],
							"size": [2.41901, 1, 1.5],
							"uv": {
								"north": {"uv": [50, 52], "uv_size": [2, 1]},
								"south": {"uv": [52, 51], "uv_size": [2, 1]},
								"up": {"uv": [46, 37], "uv_size": [2, 2]},
								"down": {"uv": [38, 48], "uv_size": [2, -2]}
							}
						},
						{
							"origin": [-1.2095, 9.08, -23],
							"size": [2.41901, 1, 1.5],
							"pivot": [0, 12, -22.5],
							"rotation": [0, 0, 45],
							"uv": {
								"north": {"uv": [52, 52], "uv_size": [2, 1]},
								"south": {"uv": [0, 53], "uv_size": [2, 1]},
								"up": {"uv": [40, 46], "uv_size": [2, 2]},
								"down": {"uv": [46, 43], "uv_size": [2, -2]}
							}
						},
						{
							"origin": [-2.92, 10.7905, 21.5],
							"size": [1, 2.41901, 1.5],
							"uv": {
								"north": {"uv": [2, 53], "uv_size": [1, 2]},
								"east": {"uv": [46, 43], "uv_size": [2, 2]},
								"south": {"uv": [3, 53], "uv_size": [1, 2]},
								"west": {"uv": [46, 45], "uv_size": [2, 2]}
							}
						},
						{
							"origin": [-2.92, 10.7905, 21.5],
							"size": [1, 2.41901, 1.5],
							"pivot": [0, 12, 22.5],
							"rotation": [0, 0, 45],
							"uv": {
								"north": {"uv": [4, 53], "uv_size": [1, 2]},
								"east": {"uv": [0, 47], "uv_size": [2, 2]},
								"south": {"uv": [5, 53], "uv_size": [1, 2]},
								"west": {"uv": [2, 47], "uv_size": [2, 2]}
							}
						},
						{
							"origin": [1.92, 10.7905, 21.5],
							"size": [1, 2.41901, 1.5],
							"uv": {
								"north": {"uv": [6, 53], "uv_size": [1, 2]},
								"east": {"uv": [4, 47], "uv_size": [2, 2]},
								"south": {"uv": [7, 53], "uv_size": [1, 2]},
								"west": {"uv": [6, 47], "uv_size": [2, 2]}
							}
						},
						{
							"origin": [1.92, 10.7905, 21.5],
							"size": [1, 2.41901, 1.5],
							"pivot": [0, 12, 22.5],
							"rotation": [0, 0, 45],
							"uv": {
								"north": {"uv": [8, 53], "uv_size": [1, 2]},
								"east": {"uv": [8, 47], "uv_size": [2, 2]},
								"south": {"uv": [11, 53], "uv_size": [1, 2]},
								"west": {"uv": [10, 47], "uv_size": [2, 2]}
							}
						},
						{
							"origin": [-1.2095, 13.92, 21.5],
							"size": [2.41901, 1, 1.5],
							"uv": {
								"north": {"uv": [53, 16], "uv_size": [2, 1]},
								"south": {"uv": [53, 17], "uv_size": [2, 1]},
								"up": {"uv": [12, 47], "uv_size": [2, 2]},
								"down": {"uv": [14, 49], "uv_size": [2, -2]}
							}
						},
						{
							"origin": [-1.2095, 13.92, 21.5],
							"size": [2.41901, 1, 1.5],
							"pivot": [0, 12, 22.5],
							"rotation": [0, 0, 45],
							"uv": {
								"north": {"uv": [53, 18], "uv_size": [2, 1]},
								"south": {"uv": [53, 19], "uv_size": [2, 1]},
								"up": {"uv": [47, 16], "uv_size": [2, 2]},
								"down": {"uv": [47, 20], "uv_size": [2, -2]}
							}
						},
						{
							"origin": [-1.2095, 9.08, 21.5],
							"size": [2.41901, 1, 1.5],
							"uv": {
								"north": {"uv": [53, 20], "uv_size": [2, 1]},
								"south": {"uv": [53, 21], "uv_size": [2, 1]},
								"up": {"uv": [47, 20], "uv_size": [2, 2]},
								"down": {"uv": [47, 24], "uv_size": [2, -2]}
							}
						},
						{
							"origin": [-1.2095, 9.08, 21.5],
							"size": [2.41901, 1, 1.5],
							"pivot": [0, 12, 22.5],
							"rotation": [0, 0, 45],
							"uv": {
								"north": {"uv": [53, 22], "uv_size": [2, 1]},
								"south": {"uv": [53, 23], "uv_size": [2, 1]},
								"up": {"uv": [24, 47], "uv_size": [2, 2]},
								"down": {"uv": [47, 26], "uv_size": [2, -2]}
							}
						},
						{
							"origin": [-0.70762, 7.24466, -10.375],
							"size": [1.41524, 0.46784, 1.27667],
							"pivot": [0, 7.24375, -10.375],
							"rotation": [21.5, 0, 0],
							"uv": {
								"north": {"uv": [3, 59], "uv_size": [1, 1]},
								"east": {"uv": [4, 59], "uv_size": [1, 1]},
								"south": {"uv": [5, 59], "uv_size": [1, 1]},
								"west": {"uv": [6, 59], "uv_size": [1, 1]},
								"up": {"uv": [7, 59], "uv_size": [1, 1]},
								"down": {"uv": [8, 60], "uv_size": [1, -1]}
							}
						},
						{
							"origin": [-0.70762, 7.24375, -10.84375],
							"size": [1.41524, 0.46875, 0.46875],
							"uv": {
								"north": {"uv": [9, 59], "uv_size": [1, 1]},
								"east": {"uv": [10, 59], "uv_size": [1, 1]},
								"south": {"uv": [11, 59], "uv_size": [1, 1]},
								"west": {"uv": [12, 59], "uv_size": [1, 1]},
								"down": {"uv": [13, 60], "uv_size": [1, -1]}
							}
						},
						{
							"origin": [-0.70762, 7.7125, -10.84375],
							"size": [1.41524, 1.875, 1.65625],
							"uv": {
								"north": {"uv": [24, 53], "uv_size": [1, 2]},
								"east": {"uv": [47, 26], "uv_size": [2, 2]},
								"south": {"uv": [25, 53], "uv_size": [1, 2]},
								"west": {"uv": [47, 28], "uv_size": [2, 2]},
								"up": {"uv": [26, 53], "uv_size": [1, 2]},
								"down": {"uv": [27, 55], "uv_size": [1, -2]}
							}
						},
						{
							"origin": [-0.47324, 7.51834, -12.71875],
							"size": [0.94649, 0.66291, 0.46875],
							"pivot": [0, 8.18125, -12.71875],
							"rotation": [45, 0, 0],
							"uv": {
								"north": {"uv": [14, 59], "uv_size": [1, 1]},
								"east": {"uv": [15, 59], "uv_size": [1, 1]},
								"west": {"uv": [16, 59], "uv_size": [1, 1]}
							}
						},
						{
							"origin": [-0.59043, 7.94688, -12.01562],
							"size": [1.18086, 0.46875, 0.46875],
							"pivot": [0, 8.18125, -11.78125],
							"rotation": [-45, 0, 0],
							"uv": {
								"north": {"uv": [59, 16], "uv_size": [1, 1]},
								"east": {"uv": [17, 59], "uv_size": [1, 1]},
								"south": {"uv": [59, 17], "uv_size": [1, 1]},
								"west": {"uv": [18, 59], "uv_size": [1, 1]},
								"up": {"uv": [59, 18], "uv_size": [1, 1]},
								"down": {"uv": [19, 60], "uv_size": [1, -1]}
							}
						},
						{
							"origin": [-0.59043, 8.88438, -12.48437],
							"size": [1.18086, 0.46875, 0.46875],
							"pivot": [0, 9.11875, -12.25],
							"rotation": [-45, 0, 0],
							"uv": {
								"north": {"uv": [59, 19], "uv_size": [1, 1]},
								"east": {"uv": [20, 59], "uv_size": [1, 1]},
								"south": {"uv": [59, 20], "uv_size": [1, 1]},
								"west": {"uv": [21, 59], "uv_size": [1, 1]},
								"up": {"uv": [59, 21], "uv_size": [1, 1]},
								"down": {"uv": [22, 60], "uv_size": [1, -1]}
							}
						},
						{
							"origin": [-0.47324, 8.18125, -12.71875],
							"size": [0.94649, 1.40625, 0.46875],
							"uv": {
								"north": {"uv": [59, 22], "uv_size": [1, 1]},
								"east": {"uv": [23, 59], "uv_size": [1, 1]},
								"west": {"uv": [59, 23], "uv_size": [1, 1]},
								"up": {"uv": [24, 59], "uv_size": [1, 1]}
							}
						},
						{
							"origin": [-0.29746, 6.5323, -11.42969],
							"size": [0.59493, 0.11719, 0.58594],
							"pivot": [0, 6.5323, -11.42969],
							"rotation": [45, 0, 0],
							"uv": {
								"east": {"uv": [59, 24], "uv_size": [1, 1]},
								"west": {"uv": [25, 59], "uv_size": [1, 1]},
								"up": {"uv": [59, 25], "uv_size": [1, 1]},
								"down": {"uv": [26, 60], "uv_size": [1, -1]}
							}
						},
						{
							"origin": [-0.29746, 6.94662, -11.01537],
							"size": [0.59493, 0.11719, 0.58594],
							"pivot": [0, 6.94662, -11.01537],
							"rotation": [90, 0, 0],
							"uv": {
								"east": {"uv": [59, 26], "uv_size": [1, 1]},
								"west": {"uv": [27, 59], "uv_size": [1, 1]},
								"up": {"uv": [59, 27], "uv_size": [1, 1]},
								"down": {"uv": [28, 60], "uv_size": [1, -1]}
							}
						},
						{
							"origin": [-0.29746, 7.82969, -11.42969],
							"size": [0.59493, 0.11719, 0.58594],
							"pivot": [0, 7.94688, -11.42969],
							"rotation": [-45, 0, 0],
							"uv": {
								"east": {"uv": [59, 28], "uv_size": [1, 1]},
								"west": {"uv": [29, 59], "uv_size": [1, 1]},
								"up": {"uv": [59, 29], "uv_size": [1, 1]}
							}
						},
						{
							"origin": [-0.29746, 6.94662, -14.07057],
							"size": [0.59493, 0.11719, 0.58594],
							"pivot": [0, 6.94662, -13.48463],
							"rotation": [-90, 0, 0],
							"uv": {
								"north": {"uv": [30, 59], "uv_size": [1, 1]},
								"east": {"uv": [59, 30], "uv_size": [1, 1]},
								"west": {"uv": [31, 59], "uv_size": [1, 1]},
								"up": {"uv": [59, 31], "uv_size": [1, 1]},
								"down": {"uv": [32, 60], "uv_size": [1, -1]}
							}
						},
						{
							"origin": [-0.29746, 6.5323, -13.65625],
							"size": [0.59493, 0.11719, 0.58594],
							"pivot": [0, 6.5323, -13.07031],
							"rotation": [-45, 0, 0],
							"uv": {
								"east": {"uv": [59, 32], "uv_size": [1, 1]},
								"west": {"uv": [33, 59], "uv_size": [1, 1]},
								"up": {"uv": [59, 33], "uv_size": [1, 1]},
								"down": {"uv": [34, 60], "uv_size": [1, -1]}
							}
						},
						{
							"origin": [-0.29746, 6.5323, -13.07031],
							"size": [0.59493, 0.11719, 1.64063],
							"uv": {
								"east": {"uv": [53, 25], "uv_size": [2, 1]},
								"west": {"uv": [28, 53], "uv_size": [2, 1]},
								"up": {"uv": [30, 53], "uv_size": [1, 2]},
								"down": {"uv": [53, 32], "uv_size": [1, -2]}
							}
						},
						{
							"origin": [-0.29746, 7.82969, -13.65625],
							"size": [0.59493, 0.11719, 0.58594],
							"pivot": [0, 7.94688, -13.07031],
							"rotation": [45, 0, 0],
							"uv": {
								"north": {"uv": [59, 34], "uv_size": [1, 1]},
								"east": {"uv": [35, 59], "uv_size": [1, 1]},
								"west": {"uv": [59, 35], "uv_size": [1, 1]},
								"up": {"uv": [36, 59], "uv_size": [1, 1]},
								"down": {"uv": [59, 37], "uv_size": [1, -1]}
							}
						},
						{
							"origin": [-0.29746, 7.82969, -13.07031],
							"size": [0.59493, 0.11719, 0.82031],
							"uv": {
								"east": {"uv": [37, 59], "uv_size": [1, 1]},
								"west": {"uv": [59, 37], "uv_size": [1, 1]},
								"up": {"uv": [38, 59], "uv_size": [1, 1]},
								"down": {"uv": [59, 39], "uv_size": [1, -1]}
							}
						},
						{
							"origin": [-0.12168, 6.70241, -12.06407],
							"size": [0.24336, 0.23438, 0.17578],
							"pivot": [0, 6.93679, -11.88829],
							"rotation": [-67.5, 0, 0],
							"uv": {
								"north": {"uv": [39, 59], "uv_size": [1, 1]},
								"east": {"uv": [59, 39], "uv_size": [1, 1]},
								"south": {"uv": [40, 59], "uv_size": [1, 1]},
								"west": {"uv": [59, 40], "uv_size": [1, 1]},
								"up": {"uv": [41, 59], "uv_size": [1, 1]},
								"down": {"uv": [59, 42], "uv_size": [1, -1]}
							}
						},
						{
							"origin": [-0.12168, 6.89219, -11.83984],
							"size": [0.24336, 0.58594, 0.17578],
							"pivot": [0, 7.47813, -11.66406],
							"rotation": [-22.5, 0, 0],
							"uv": {
								"north": {"uv": [42, 59], "uv_size": [1, 1]},
								"east": {"uv": [59, 42], "uv_size": [1, 1]},
								"south": {"uv": [43, 59], "uv_size": [1, 1]},
								"west": {"uv": [59, 43], "uv_size": [1, 1]},
								"down": {"uv": [44, 60], "uv_size": [1, -1]}
							}
						},
						{
							"origin": [-0.12168, 7.47813, -11.83984],
							"size": [0.24336, 0.23438, 0.17578],
							"uv": {
								"north": {"uv": [59, 44], "uv_size": [1, 1]},
								"east": {"uv": [45, 59], "uv_size": [1, 1]},
								"south": {"uv": [59, 45], "uv_size": [1, 1]},
								"west": {"uv": [46, 59], "uv_size": [1, 1]}
							}
						},
						{
							"origin": [-0.47324, 7.7125, -12.25],
							"size": [0.94649, 1.875, 3.53125],
							"uv": {
								"east": {"uv": [40, 28], "uv_size": [4, 2]},
								"south": {"uv": [31, 53], "uv_size": [1, 2]},
								"west": {"uv": [42, 30], "uv_size": [4, 2]},
								"up": {"uv": [42, 47], "uv_size": [1, 4]},
								"down": {"uv": [43, 51], "uv_size": [1, -4]}
							}
						},
						{
							"origin": [-0.47324, 8.275, -8.71875],
							"size": [0.94649, 0.375, 0.25],
							"pivot": [0, 8.65, -8.46875],
							"rotation": [-45, 0, 0],
							"uv": {
								"east": {"uv": [59, 46], "uv_size": [1, 1]},
								"south": {"uv": [47, 59], "uv_size": [1, 1]},
								"west": {"uv": [59, 47], "uv_size": [1, 1]}
							}
						},
						{
							"origin": [-0.47324, 8.65, -8.71875],
							"size": [0.94649, 0.9375, 0.5],
							"uv": {
								"east": {"uv": [48, 59], "uv_size": [1, 1]},
								"south": {"uv": [59, 48], "uv_size": [1, 1]},
								"west": {"uv": [49, 59], "uv_size": [1, 1]},
								"up": {"uv": [59, 49], "uv_size": [1, 1]},
								"down": {"uv": [50, 60], "uv_size": [1, -1]}
							}
						},
						{
							"origin": [-0.47324, 7.775, 4.21875],
							"size": [0.94649, 0.5625, 1.0625],
							"pivot": [0, 7.775, 5.28125],
							"rotation": [-45, 0, 0],
							"uv": {
								"east": {"uv": [59, 50], "uv_size": [1, 1]},
								"west": {"uv": [51, 59], "uv_size": [1, 1]},
								"down": {"uv": [59, 52], "uv_size": [1, -1]}
							}
						},
						{
							"origin": [-0.47324, 7.025, 5.28125],
							"size": [0.94649, 1.5, 0.75],
							"uv": {
								"north": {"uv": [32, 53], "uv_size": [1, 2]},
								"east": {"uv": [53, 32], "uv_size": [1, 2]},
								"west": {"uv": [33, 53], "uv_size": [1, 2]}
							}
						},
						{
							"origin": [-0.47324, 6.275, -0.21875],
							"size": [0.94649, 0.75, 6],
							"uv": {
								"north": {"uv": [52, 59], "uv_size": [1, 1]},
								"east": {"uv": [42, 32], "uv_size": [6, 1]},
								"west": {"uv": [42, 33], "uv_size": [6, 1]},
								"up": {"uv": [28, 42], "uv_size": [1, 6]},
								"down": {"uv": [29, 48], "uv_size": [1, -6]}
							}
						},
						{
							"origin": [-0.47324, 6.0875, 5.96875],
							"size": [0.94649, 2.4375, 0.75],
							"pivot": [0, 8.525, 6.71875],
							"rotation": [-22.5, 0, 0],
							"uv": {
								"east": {"uv": [34, 53], "uv_size": [1, 2]},
								"south": {"uv": [35, 53], "uv_size": [1, 2]},
								"west": {"uv": [53, 36], "uv_size": [1, 2]},
								"down": {"uv": [59, 53], "uv_size": [1, -1]}
							}
						},
						{
							"origin": [-0.59824, 8.525, 3.78125],
							"size": [1.19649, 1.0625, 2.9375],
							"uv": {
								"north": {"uv": [53, 59], "uv_size": [1, 1]},
								"east": {"uv": [43, 41], "uv_size": [3, 1]},
								"south": {"uv": [59, 53], "uv_size": [1, 1]},
								"west": {"uv": [12, 49], "uv_size": [3, 1]},
								"up": {"uv": [15, 49], "uv_size": [1, 3]},
								"down": {"uv": [49, 19], "uv_size": [1, -3]}
							}
						},
						{
							"origin": [-0.47324, 8.65, 2.78125],
							"size": [0.94649, 0.9375, 4.1875],
							"uv": {
								"north": {"uv": [54, 59], "uv_size": [1, 1]},
								"east": {"uv": [47, 34], "uv_size": [4, 1]},
								"south": {"uv": [59, 54], "uv_size": [1, 1]},
								"west": {"uv": [47, 39], "uv_size": [4, 1]},
								"up": {"uv": [44, 47], "uv_size": [1, 4]},
								"down": {"uv": [45, 51], "uv_size": [1, -4]}
							}
						},
						{
							"origin": [-0.34824, 8.65, -8.21875],
							"size": [0.69649, 0.9375, 11],
							"uv": {
								"east": {"uv": [24, 24], "uv_size": [11, 1]},
								"west": {"uv": [24, 25], "uv_size": [11, 1]},
								"up": {"uv": [24, 26], "uv_size": [1, 11]},
								"down": {"uv": [25, 37], "uv_size": [1, -11]}
							}
						},
						{
							"origin": [-1.03416, 14.27007, -17.39172],
							"size": [0.11752, 0.25, 2.00267],
							"pivot": [0, 12, -16.02636],
							"rotation": [-7.5085, 2.7265, -135.3592],
							"uv": {
								"north": {"uv": [55, 59], "uv_size": [1, 1]},
								"east": {"uv": [53, 34], "uv_size": [2, 1]},
								"south": {"uv": [59, 55], "uv_size": [1, 1]},
								"west": {"uv": [39, 53], "uv_size": [2, 1]},
								"up": {"uv": [53, 39], "uv_size": [1, 2]},
								"down": {"uv": [53, 43], "uv_size": [1, -2]}
							}
						},
						{
							"origin": [0.91664, 14.27007, -17.39172],
							"size": [0.11752, 0.25, 2.00267],
							"pivot": [0, 12, -16.02636],
							"rotation": [-7.5085, -2.7265, -134.6408],
							"uv": {
								"north": {"uv": [56, 59], "uv_size": [1, 1]},
								"east": {"uv": [53, 43], "uv_size": [2, 1]},
								"south": {"uv": [59, 56], "uv_size": [1, 1]},
								"west": {"uv": [53, 44], "uv_size": [2, 1]},
								"up": {"uv": [42, 53], "uv_size": [1, 2]},
								"down": {"uv": [45, 55], "uv_size": [1, -2]}
							}
						},
						{
							"origin": [-1.0024, 14.27007, -17.34018],
							"size": [2.00479, 0.25, 2],
							"pivot": [0, 12, -16.02636],
							"rotation": [-7.5, 0, -135],
							"uv": {
								"north": {"uv": [53, 45], "uv_size": [2, 1]},
								"east": {"uv": [46, 53], "uv_size": [2, 1]},
								"south": {"uv": [53, 46], "uv_size": [2, 1]},
								"west": {"uv": [53, 47], "uv_size": [2, 1]},
								"up": {"uv": [46, 47], "uv_size": [2, 2]},
								"down": {"uv": [26, 50], "uv_size": [2, -2]}
							}
						},
						{
							"origin": [0.91664, 9.47993, -17.39172],
							"size": [0.11752, 0.25, 2.00267],
							"pivot": [0, 12, -16.02636],
							"rotation": [7.5085, -2.7265, -135.3592],
							"uv": {
								"north": {"uv": [57, 59], "uv_size": [1, 1]},
								"east": {"uv": [48, 53], "uv_size": [2, 1]},
								"south": {"uv": [59, 57], "uv_size": [1, 1]},
								"west": {"uv": [53, 49], "uv_size": [2, 1]},
								"up": {"uv": [50, 53], "uv_size": [1, 2]},
								"down": {"uv": [51, 55], "uv_size": [1, -2]}
							}
						},
						{
							"origin": [-1.03416, 9.47993, -17.39172],
							"size": [0.11752, 0.25, 2.00267],
							"pivot": [0, 12, -16.02636],
							"rotation": [7.5085, 2.7265, -134.6408],
							"uv": {
								"north": {"uv": [58, 59], "uv_size": [1, 1]},
								"east": {"uv": [53, 50], "uv_size": [2, 1]},
								"south": {"uv": [59, 58], "uv_size": [1, 1]},
								"west": {"uv": [52, 53], "uv_size": [2, 1]},
								"up": {"uv": [0, 54], "uv_size": [1, 2]},
								"down": {"uv": [1, 56], "uv_size": [1, -2]}
							}
						},
						{
							"origin": [-1.03416, 14.27007, -17.39172],
							"size": [0.11752, 0.25, 2.00267],
							"pivot": [0, 12, -16.02636],
							"rotation": [-7.5085, 2.7265, -90.3592],
							"uv": {
								"north": {"uv": [59, 59], "uv_size": [1, 1]},
								"east": {"uv": [9, 54], "uv_size": [2, 1]},
								"south": {"uv": [0, 60], "uv_size": [1, 1]},
								"west": {"uv": [12, 54], "uv_size": [2, 1]},
								"up": {"uv": [14, 54], "uv_size": [1, 2]},
								"down": {"uv": [15, 56], "uv_size": [1, -2]}
							}
						},
						{
							"origin": [0.91664, 14.27007, -17.39172],
							"size": [0.11752, 0.25, 2.00267],
							"pivot": [0, 12, -16.02636],
							"rotation": [-7.5085, -2.7265, -89.6408],
							"uv": {
								"north": {"uv": [1, 60], "uv_size": [1, 1]},
								"east": {"uv": [54, 24], "uv_size": [2, 1]},
								"south": {"uv": [2, 60], "uv_size": [1, 1]},
								"west": {"uv": [54, 26], "uv_size": [2, 1]},
								"up": {"uv": [54, 27], "uv_size": [1, 2]},
								"down": {"uv": [28, 56], "uv_size": [1, -2]}
							}
						},
						{
							"origin": [-1.0024, 14.27007, -17.34018],
							"size": [2.00479, 0.25, 2],
							"pivot": [0, 12, -16.02636],
							"rotation": [-7.5, 0, -90],
							"uv": {
								"north": {"uv": [54, 29], "uv_size": [2, 1]},
								"east": {"uv": [54, 30], "uv_size": [2, 1]},
								"south": {"uv": [54, 31], "uv_size": [2, 1]},
								"west": {"uv": [54, 32], "uv_size": [2, 1]},
								"up": {"uv": [28, 48], "uv_size": [2, 2]},
								"down": {"uv": [30, 50], "uv_size": [2, -2]}
							}
						},
						{
							"origin": [0.91664, 9.47993, -17.39172],
							"size": [0.11752, 0.25, 2.00267],
							"pivot": [0, 12, -16.02636],
							"rotation": [7.5085, -2.7265, -90.3592],
							"uv": {
								"north": {"uv": [3, 60], "uv_size": [1, 1]},
								"east": {"uv": [54, 33], "uv_size": [2, 1]},
								"south": {"uv": [4, 60], "uv_size": [1, 1]},
								"west": {"uv": [54, 35], "uv_size": [2, 1]},
								"up": {"uv": [29, 54], "uv_size": [1, 2]},
								"down": {"uv": [36, 56], "uv_size": [1, -2]}
							}
						},
						{
							"origin": [-1.0024, 9.47993, -17.34018],
							"size": [2.00479, 0.25, 2],
							"pivot": [0, 12, -16.02636],
							"rotation": [7.5, 0, -90],
							"uv": {
								"north": {"uv": [54, 36], "uv_size": [2, 1]},
								"east": {"uv": [37, 54], "uv_size": [2, 1]},
								"south": {"uv": [54, 37], "uv_size": [2, 1]},
								"west": {"uv": [54, 38], "uv_size": [2, 1]},
								"up": {"uv": [48, 30], "uv_size": [2, 2]},
								"down": {"uv": [32, 50], "uv_size": [2, -2]}
							}
						},
						{
							"origin": [-1.03416, 9.47993, -17.39172],
							"size": [0.11752, 0.25, 2.00267],
							"pivot": [0, 12, -16.02636],
							"rotation": [7.5085, 2.7265, -89.6408],
							"uv": {
								"north": {"uv": [5, 60], "uv_size": [1, 1]},
								"east": {"uv": [39, 54], "uv_size": [2, 1]},
								"south": {"uv": [6, 60], "uv_size": [1, 1]},
								"west": {"uv": [54, 39], "uv_size": [2, 1]},
								"up": {"uv": [54, 40], "uv_size": [1, 2]},
								"down": {"uv": [41, 56], "uv_size": [1, -2]}
							}
						},
						{
							"origin": [-1.03416, 14.27007, -17.39172],
							"size": [0.11752, 0.25, 2.00267],
							"pivot": [0, 12, -16.02636],
							"rotation": [-7.5085, 2.7265, -45.3592],
							"uv": {
								"north": {"uv": [7, 60], "uv_size": [1, 1]},
								"east": {"uv": [54, 42], "uv_size": [2, 1]},
								"south": {"uv": [8, 60], "uv_size": [1, 1]},
								"west": {"uv": [43, 54], "uv_size": [2, 1]},
								"up": {"uv": [46, 54], "uv_size": [1, 2]},
								"down": {"uv": [47, 56], "uv_size": [1, -2]}
							}
						},
						{
							"origin": [0.91664, 14.27007, -17.39172],
							"size": [0.11752, 0.25, 2.00267],
							"pivot": [0, 12, -16.02636],
							"rotation": [-7.5085, -2.7265, -44.6408],
							"uv": {
								"north": {"uv": [9, 60], "uv_size": [1, 1]},
								"east": {"uv": [48, 54], "uv_size": [2, 1]},
								"south": {"uv": [10, 60], "uv_size": [1, 1]},
								"west": {"uv": [54, 48], "uv_size": [2, 1]},
								"up": {"uv": [54, 51], "uv_size": [1, 2]},
								"down": {"uv": [52, 56], "uv_size": [1, -2]}
							}
						},
						{
							"origin": [-1.0024, 14.27007, -17.34018],
							"size": [2.00479, 0.25, 2],
							"pivot": [0, 12, -16.02636],
							"rotation": [-7.5, 0, -45],
							"uv": {
								"north": {"uv": [53, 54], "uv_size": [2, 1]},
								"east": {"uv": [54, 53], "uv_size": [2, 1]},
								"south": {"uv": [2, 55], "uv_size": [2, 1]},
								"west": {"uv": [4, 55], "uv_size": [2, 1]},
								"up": {"uv": [48, 32], "uv_size": [2, 2]},
								"down": {"uv": [34, 50], "uv_size": [2, -2]}
							}
						},
						{
							"origin": [0.91664, 9.47993, -17.39172],
							"size": [0.11752, 0.25, 2.00267],
							"pivot": [0, 12, -16.02636],
							"rotation": [7.5085, -2.7265, -45.3592],
							"uv": {
								"north": {"uv": [11, 60], "uv_size": [1, 1]},
								"east": {"uv": [6, 55], "uv_size": [2, 1]},
								"south": {"uv": [12, 60], "uv_size": [1, 1]},
								"west": {"uv": [8, 55], "uv_size": [2, 1]},
								"up": {"uv": [10, 55], "uv_size": [1, 2]},
								"down": {"uv": [11, 57], "uv_size": [1, -2]}
							}
						},
						{
							"origin": [-1.0024, 9.47993, -17.34018],
							"size": [2.00479, 0.25, 2],
							"pivot": [0, 12, -16.02636],
							"rotation": [7.5, 0, -45],
							"uv": {
								"north": {"uv": [12, 55], "uv_size": [2, 1]},
								"east": {"uv": [16, 55], "uv_size": [2, 1]},
								"south": {"uv": [55, 16], "uv_size": [2, 1]},
								"west": {"uv": [55, 17], "uv_size": [2, 1]},
								"up": {"uv": [48, 35], "uv_size": [2, 2]},
								"down": {"uv": [36, 50], "uv_size": [2, -2]}
							}
						},
						{
							"origin": [-1.03416, 9.47993, -17.39172],
							"size": [0.11752, 0.25, 2.00267],
							"pivot": [0, 12, -16.02636],
							"rotation": [7.5085, 2.7265, -44.6408],
							"uv": {
								"north": {"uv": [13, 60], "uv_size": [1, 1]},
								"east": {"uv": [18, 55], "uv_size": [2, 1]},
								"south": {"uv": [14, 60], "uv_size": [1, 1]},
								"west": {"uv": [55, 18], "uv_size": [2, 1]},
								"up": {"uv": [55, 19], "uv_size": [1, 2]},
								"down": {"uv": [20, 57], "uv_size": [1, -2]}
							}
						},
						{
							"origin": [-1.0024, 9.47993, -17.34018],
							"size": [2.00479, 0.25, 2],
							"pivot": [0, 12, -16.02636],
							"rotation": [7.5, 0, 0],
							"uv": {
								"north": {"uv": [21, 55], "uv_size": [2, 1]},
								"east": {"uv": [55, 21], "uv_size": [2, 1]},
								"south": {"uv": [55, 22], "uv_size": [2, 1]},
								"west": {"uv": [23, 55], "uv_size": [2, 1]},
								"up": {"uv": [48, 37], "uv_size": [2, 2]},
								"down": {"uv": [38, 50], "uv_size": [2, -2]}
							}
						},
						{
							"origin": [-1.03416, 14.27007, 15.38906],
							"size": [0.11752, 0.25, 2.00267],
							"pivot": [0, 12, 16.02636],
							"rotation": [7.5085, -2.7265, -135.3592],
							"uv": {
								"north": {"uv": [15, 60], "uv_size": [1, 1]},
								"east": {"uv": [55, 23], "uv_size": [2, 1]},
								"south": {"uv": [16, 60], "uv_size": [1, 1]},
								"west": {"uv": [25, 55], "uv_size": [2, 1]},
								"up": {"uv": [27, 55], "uv_size": [1, 2]},
								"down": {"uv": [55, 29], "uv_size": [1, -2]}
							}
						},
						{
							"origin": [0.91664, 14.27007, 15.38906],
							"size": [0.11752, 0.25, 2.00267],
							"pivot": [0, 12, 16.02636],
							"rotation": [7.5085, 2.7265, -134.6408],
							"uv": {
								"north": {"uv": [60, 16], "uv_size": [1, 1]},
								"east": {"uv": [55, 25], "uv_size": [2, 1]},
								"south": {"uv": [17, 60], "uv_size": [1, 1]},
								"west": {"uv": [30, 55], "uv_size": [2, 1]},
								"up": {"uv": [32, 55], "uv_size": [1, 2]},
								"down": {"uv": [33, 57], "uv_size": [1, -2]}
							}
						},
						{
							"origin": [-1.0024, 14.27007, 15.34018],
							"size": [2.00479, 0.25, 2],
							"pivot": [0, 12, 16.02636],
							"rotation": [7.5, 0, -135],
							"uv": {
								"north": {"uv": [34, 55], "uv_size": [2, 1]},
								"east": {"uv": [55, 34], "uv_size": [2, 1]},
								"south": {"uv": [37, 55], "uv_size": [2, 1]},
								"west": {"uv": [39, 55], "uv_size": [2, 1]},
								"up": {"uv": [40, 48], "uv_size": [2, 2]},
								"down": {"uv": [48, 42], "uv_size": [2, -2]}
							}
						},
						{
							"origin": [0.91664, 9.47993, 15.38906],
							"size": [0.11752, 0.25, 2.00267],
							"pivot": [0, 12, 16.02636],
							"rotation": [-7.5085, 2.7265, -135.3592],
							"uv": {
								"north": {"uv": [60, 17], "uv_size": [1, 1]},
								"east": {"uv": [55, 40], "uv_size": [2, 1]},
								"south": {"uv": [18, 60], "uv_size": [1, 1]},
								"west": {"uv": [55, 41], "uv_size": [2, 1]},
								"up": {"uv": [42, 55], "uv_size": [1, 2]},
								"down": {"uv": [43, 57], "uv_size": [1, -2]}
							}
						},
						{
							"origin": [-1.03416, 9.47993, 15.38906],
							"size": [0.11752, 0.25, 2.00267],
							"pivot": [0, 12, 16.02636],
							"rotation": [-7.5085, -2.7265, -134.6408],
							"uv": {
								"north": {"uv": [60, 18], "uv_size": [1, 1]},
								"east": {"uv": [55, 43], "uv_size": [2, 1]},
								"south": {"uv": [19, 60], "uv_size": [1, 1]},
								"west": {"uv": [44, 55], "uv_size": [2, 1]},
								"up": {"uv": [55, 44], "uv_size": [1, 2]},
								"down": {"uv": [55, 48], "uv_size": [1, -2]}
							}
						},
						{
							"origin": [-1.03416, 14.27007, 15.38906],
							"size": [0.11752, 0.25, 2.00267],
							"pivot": [0, 12, 16.02636],
							"rotation": [7.5085, -2.7265, -90.3592],
							"uv": {
								"north": {"uv": [60, 19], "uv_size": [1, 1]},
								"east": {"uv": [48, 55], "uv_size": [2, 1]},
								"south": {"uv": [20, 60], "uv_size": [1, 1]},
								"west": {"uv": [55, 49], "uv_size": [2, 1]},
								"up": {"uv": [50, 55], "uv_size": [1, 2]},
								"down": {"uv": [55, 52], "uv_size": [1, -2]}
							}
						},
						{
							"origin": [0.91664, 14.27007, 15.38906],
							"size": [0.11752, 0.25, 2.00267],
							"pivot": [0, 12, 16.02636],
							"rotation": [7.5085, 2.7265, -89.6408],
							"uv": {
								"north": {"uv": [60, 20], "uv_size": [1, 1]},
								"east": {"uv": [55, 52], "uv_size": [2, 1]},
								"south": {"uv": [21, 60], "uv_size": [1, 1]},
								"west": {"uv": [53, 55], "uv_size": [2, 1]},
								"up": {"uv": [51, 55], "uv_size": [1, 2]},
								"down": {"uv": [55, 56], "uv_size": [1, -2]}
							}
						},
						{
							"origin": [-1.0024, 14.27007, 15.34018],
							"size": [2.00479, 0.25, 2],
							"pivot": [0, 12, 16.02636],
							"rotation": [7.5, 0, -90],
							"uv": {
								"north": {"uv": [0, 56], "uv_size": [2, 1]},
								"east": {"uv": [2, 56], "uv_size": [2, 1]},
								"south": {"uv": [4, 56], "uv_size": [2, 1]},
								"west": {"uv": [6, 56], "uv_size": [2, 1]},
								"up": {"uv": [48, 42], "uv_size": [2, 2]},
								"down": {"uv": [48, 46], "uv_size": [2, -2]}
							}
						},
						{
							"origin": [0.91664, 9.47993, 15.38906],
							"size": [0.11752, 0.25, 2.00267],
							"pivot": [0, 12, 16.02636],
							"rotation": [-7.5085, 2.7265, -90.3592],
							"uv": {
								"north": {"uv": [60, 21], "uv_size": [1, 1]},
								"east": {"uv": [8, 56], "uv_size": [2, 1]},
								"south": {"uv": [22, 60], "uv_size": [1, 1]},
								"west": {"uv": [12, 56], "uv_size": [2, 1]},
								"up": {"uv": [14, 56], "uv_size": [1, 2]},
								"down": {"uv": [15, 58], "uv_size": [1, -2]}
							}
						},
						{
							"origin": [-1.0024, 9.47993, 15.34018],
							"size": [2.00479, 0.25, 2],
							"pivot": [0, 12, 16.02636],
							"rotation": [-7.5, 0, -90],
							"uv": {
								"north": {"uv": [16, 56], "uv_size": [2, 1]},
								"east": {"uv": [18, 56], "uv_size": [2, 1]},
								"south": {"uv": [56, 19], "uv_size": [2, 1]},
								"west": {"uv": [56, 20], "uv_size": [2, 1]},
								"up": {"uv": [48, 46], "uv_size": [2, 2]},
								"down": {"uv": [48, 50], "uv_size": [2, -2]}
							}
						},
						{
							"origin": [-1.03416, 9.47993, 15.38906],
							"size": [0.11752, 0.25, 2.00267],
							"pivot": [0, 12, 16.02636],
							"rotation": [-7.5085, -2.7265, -89.6408],
							"uv": {
								"north": {"uv": [60, 22], "uv_size": [1, 1]},
								"east": {"uv": [21, 56], "uv_size": [2, 1]},
								"south": {"uv": [23, 60], "uv_size": [1, 1]},
								"west": {"uv": [23, 56], "uv_size": [2, 1]},
								"up": {"uv": [25, 56], "uv_size": [1, 2]},
								"down": {"uv": [26, 58], "uv_size": [1, -2]}
							}
						},
						{
							"origin": [-1.03416, 14.27007, 15.38906],
							"size": [0.11752, 0.25, 2.00267],
							"pivot": [0, 12, 16.02636],
							"rotation": [7.5085, -2.7265, -45.3592],
							"uv": {
								"north": {"uv": [60, 23], "uv_size": [1, 1]},
								"east": {"uv": [56, 24], "uv_size": [2, 1]},
								"south": {"uv": [24, 60], "uv_size": [1, 1]},
								"west": {"uv": [56, 26], "uv_size": [2, 1]},
								"up": {"uv": [56, 27], "uv_size": [1, 2]},
								"down": {"uv": [28, 58], "uv_size": [1, -2]}
							}
						},
						{
							"origin": [0.91664, 14.27007, 15.38906],
							"size": [0.11752, 0.25, 2.00267],
							"pivot": [0, 12, 16.02636],
							"rotation": [7.5085, 2.7265, -44.6408],
							"uv": {
								"north": {"uv": [60, 24], "uv_size": [1, 1]},
								"east": {"uv": [29, 56], "uv_size": [2, 1]},
								"south": {"uv": [25, 60], "uv_size": [1, 1]},
								"west": {"uv": [56, 29], "uv_size": [2, 1]},
								"up": {"uv": [56, 30], "uv_size": [1, 2]},
								"down": {"uv": [31, 58], "uv_size": [1, -2]}
							}
						},
						{
							"origin": [-1.0024, 14.27007, 15.34018],
							"size": [2.00479, 0.25, 2],
							"pivot": [0, 12, 16.02636],
							"rotation": [7.5, 0, -45],
							"uv": {
								"north": {"uv": [56, 32], "uv_size": [2, 1]},
								"east": {"uv": [56, 33], "uv_size": [2, 1]},
								"south": {"uv": [34, 56], "uv_size": [2, 1]},
								"west": {"uv": [56, 35], "uv_size": [2, 1]},
								"up": {"uv": [0, 49], "uv_size": [2, 2]},
								"down": {"uv": [2, 51], "uv_size": [2, -2]}
							}
						},
						{
							"origin": [0.91664, 9.47993, 15.38906],
							"size": [0.11752, 0.25, 2.00267],
							"pivot": [0, 12, 16.02636],
							"rotation": [-7.5085, 2.7265, -45.3592],
							"uv": {
								"north": {"uv": [60, 25], "uv_size": [1, 1]},
								"east": {"uv": [36, 56], "uv_size": [2, 1]},
								"south": {"uv": [26, 60], "uv_size": [1, 1]},
								"west": {"uv": [56, 36], "uv_size": [2, 1]},
								"up": {"uv": [56, 37], "uv_size": [1, 2]},
								"down": {"uv": [38, 58], "uv_size": [1, -2]}
							}
						},
						{
							"origin": [-1.0024, 9.47993, 15.34018],
							"size": [2.00479, 0.25, 2],
							"pivot": [0, 12, 16.02636],
							"rotation": [-7.5, 0, -45],
							"uv": {
								"north": {"uv": [39, 56], "uv_size": [2, 1]},
								"east": {"uv": [56, 39], "uv_size": [2, 1]},
								"south": {"uv": [56, 42], "uv_size": [2, 1]},
								"west": {"uv": [44, 56], "uv_size": [2, 1]},
								"up": {"uv": [4, 49], "uv_size": [2, 2]},
								"down": {"uv": [6, 51], "uv_size": [2, -2]}
							}
						},
						{
							"origin": [-1.03416, 9.47993, 15.38906],
							"size": [0.11752, 0.25, 2.00267],
							"pivot": [0, 12, 16.02636],
							"rotation": [-7.5085, -2.7265, -44.6408],
							"uv": {
								"north": {"uv": [60, 26], "uv_size": [1, 1]},
								"east": {"uv": [56, 44], "uv_size": [2, 1]},
								"south": {"uv": [27, 60], "uv_size": [1, 1]},
								"west": {"uv": [56, 45], "uv_size": [2, 1]},
								"up": {"uv": [41, 56], "uv_size": [1, 2]},
								"down": {"uv": [46, 58], "uv_size": [1, -2]}
							}
						},
						{
							"origin": [-1.0024, 9.47993, 15.34018],
							"size": [2.00479, 0.25, 2],
							"pivot": [0, 12, 16.02636],
							"rotation": [-7.5, 0, 0],
							"uv": {
								"north": {"uv": [56, 46], "uv_size": [2, 1]},
								"east": {"uv": [47, 56], "uv_size": [2, 1]},
								"south": {"uv": [56, 47], "uv_size": [2, 1]},
								"west": {"uv": [56, 48], "uv_size": [2, 1]},
								"up": {"uv": [8, 49], "uv_size": [2, 2]},
								"down": {"uv": [10, 51], "uv_size": [2, -2]}
							}
						}
					]
				},
				{
					"name": "sight_base",
					"parent": "dzj08",
					"pivot": [2.75, 12, -6.25],
					"cubes": [
						{
							"origin": [2.49112, 12.375, -6.5],
							"size": [0.51777, 0.25, 0.25],
							"pivot": [2.75, 12, -6.25],
							"rotation": [0, 0, 45],
							"uv": {
								"north": {"uv": [25, 62], "uv_size": [1, 1]},
								"south": {"uv": [27, 62], "uv_size": [1, 1]},
								"up": {"uv": [29, 62], "uv_size": [1, 1]},
								"down": {"uv": [62, 30], "uv_size": [1, -1]}
							}
						},
						{
							"origin": [2.74112, 11.375, -6.5],
							"size": [0.26777, 1.25, 0.25],
							"uv": {
								"north": {"uv": [30, 62], "uv_size": [1, 1]},
								"south": {"uv": [31, 62], "uv_size": [1, 1]},
								"west": {"uv": [62, 31], "uv_size": [1, 1]},
								"up": {"uv": [32, 62], "uv_size": [1, 1]},
								"down": {"uv": [62, 33], "uv_size": [1, -1]}
							}
						},
						{
							"origin": [3.125, 11.74112, -6.5],
							"size": [0.25, 0.51777, 0.25],
							"pivot": [2.75, 12, -6.25],
							"rotation": [0, 0, 45],
							"uv": {
								"north": {"uv": [33, 62], "uv_size": [1, 1]},
								"east": {"uv": [62, 33], "uv_size": [1, 1]},
								"south": {"uv": [34, 62], "uv_size": [1, 1]},
								"west": {"uv": [62, 34], "uv_size": [1, 1]}
							}
						},
						{
							"origin": [3, 11.74112, -6.5],
							"size": [0.375, 0.51777, 0.25],
							"uv": {
								"north": {"uv": [40, 62], "uv_size": [1, 1]},
								"south": {"uv": [62, 42], "uv_size": [1, 1]},
								"west": {"uv": [62, 43], "uv_size": [1, 1]},
								"up": {"uv": [44, 62], "uv_size": [1, 1]},
								"down": {"uv": [45, 63], "uv_size": [1, -1]}
							}
						},
						{
							"origin": [3, 11.74112, -8.75],
							"size": [0.375, 0.51777, 0.25],
							"uv": {
								"north": {"uv": [62, 46], "uv_size": [1, 1]},
								"south": {"uv": [48, 62], "uv_size": [1, 1]},
								"west": {"uv": [49, 62], "uv_size": [1, 1]},
								"up": {"uv": [52, 62], "uv_size": [1, 1]},
								"down": {"uv": [53, 63], "uv_size": [1, -1]}
							}
						},
						{
							"origin": [3.125, 11.74112, -8.75],
							"size": [0.25, 0.51777, 0.25],
							"pivot": [2.75, 12, -8.25],
							"rotation": [0, 0, 45],
							"uv": {
								"north": {"uv": [61, 62], "uv_size": [1, 1]},
								"east": {"uv": [62, 62], "uv_size": [1, 1]},
								"south": {"uv": [63, 0], "uv_size": [1, 1]},
								"west": {"uv": [63, 1], "uv_size": [1, 1]}
							}
						},
						{
							"origin": [2.74112, 11.375, -8.75],
							"size": [0.26777, 1.25, 0.25],
							"uv": {
								"north": {"uv": [63, 4], "uv_size": [1, 1]},
								"south": {"uv": [63, 5], "uv_size": [1, 1]},
								"west": {"uv": [6, 63], "uv_size": [1, 1]},
								"up": {"uv": [63, 6], "uv_size": [1, 1]},
								"down": {"uv": [7, 64], "uv_size": [1, -1]}
							}
						},
						{
							"origin": [2.49112, 12.375, -8.75],
							"size": [0.51777, 0.25, 0.25],
							"pivot": [2.75, 12, -8.25],
							"rotation": [0, 0, 45],
							"uv": {
								"north": {"uv": [63, 7], "uv_size": [1, 1]},
								"south": {"uv": [63, 8], "uv_size": [1, 1]},
								"up": {"uv": [63, 10], "uv_size": [1, 1]},
								"down": {"uv": [63, 12], "uv_size": [1, -1]}
							}
						},
						{
							"origin": [2.625, 11.375, -8.875],
							"size": [0.125, 1.25, 2.75],
							"uv": {
								"north": {"uv": [63, 12], "uv_size": [1, 1]},
								"south": {"uv": [13, 63], "uv_size": [1, 1]},
								"west": {"uv": [60, 36], "uv_size": [3, 1]},
								"up": {"uv": [37, 60], "uv_size": [1, 3]},
								"down": {"uv": [60, 40], "uv_size": [1, -3]}
							}
						},
						{
							"origin": [2.5, 11.25, -9],
							"size": [0.125, 1.5, 3],
							"uv": {
								"north": {"uv": [61, 19], "uv_size": [1, 2]},
								"east": {"uv": [60, 27], "uv_size": [3, 2]},
								"south": {"uv": [20, 61], "uv_size": [1, 2]},
								"west": {"uv": [28, 60], "uv_size": [3, 2]},
								"up": {"uv": [38, 60], "uv_size": [1, 3]},
								"down": {"uv": [39, 63], "uv_size": [1, -3]}
							}
						}
					]
				},
				{
					"name": "sight_default",
					"parent": "sight_base",
					"pivot": [3, 12, -7.5],
					"cubes": [
						{
							"origin": [2.875, 11.5, -8.5],
							"size": [0.25, 1, 2],
							"uv": {
								"north": {"uv": [63, 13], "uv_size": [1, 1]},
								"east": {"uv": [21, 61], "uv_size": [2, 1]},
								"south": {"uv": [14, 63], "uv_size": [1, 1]},
								"west": {"uv": [61, 21], "uv_size": [2, 1]},
								"up": {"uv": [61, 22], "uv_size": [1, 2]},
								"down": {"uv": [23, 63], "uv_size": [1, -2]}
							}
						},
						{
							"origin": [3.10431, 12, -8.5],
							"size": [1.52069, 0.249, 2],
							"pivot": [4.625, 12.25, -7.5],
							"rotation": [0, 0, 9.5],
							"uv": {
								"north": {"uv": [24, 61], "uv_size": [2, 1]},
								"east": {"uv": [61, 24], "uv_size": [2, 1]},
								"south": {"uv": [61, 25], "uv_size": [2, 1]},
								"west": {"uv": [26, 61], "uv_size": [2, 1]},
								"up": {"uv": [60, 29], "uv_size": [2, 2]},
								"down": {"uv": [31, 62], "uv_size": [2, -2]}
							}
						},
						{
							"origin": [2.75028, 11.75, -8.5],
							"size": [1.87472, 0.49986, 2],
							"uv": {
								"north": {"uv": [61, 26], "uv_size": [2, 1]},
								"east": {"uv": [61, 37], "uv_size": [2, 1]},
								"south": {"uv": [61, 38], "uv_size": [2, 1]},
								"up": {"uv": [60, 31], "uv_size": [2, 2]},
								"down": {"uv": [33, 62], "uv_size": [2, -2]}
							}
						},
						{
							"origin": [2.75032, 12.25, -8.5],
							"size": [0.12468, 0.27951, 2],
							"pivot": [2.75, 12.25, -7.5],
							"rotation": [0, 0, 26.5],
							"uv": {
								"north": {"uv": [63, 14], "uv_size": [1, 1]},
								"east": {"uv": [40, 61], "uv_size": [2, 1]},
								"south": {"uv": [15, 63], "uv_size": [1, 1]},
								"down": {"uv": [61, 44], "uv_size": [1, -2]}
							}
						},
						{
							"origin": [2.75032, 11.47049, -8.5],
							"size": [0.12468, 0.27951, 2],
							"pivot": [2.75, 11.75, -7.5],
							"rotation": [0, 0, -26.5],
							"uv": {
								"north": {"uv": [63, 15], "uv_size": [1, 1]},
								"east": {"uv": [44, 61], "uv_size": [2, 1]},
								"south": {"uv": [16, 63], "uv_size": [1, 1]},
								"up": {"uv": [46, 61], "uv_size": [1, 2]}
							}
						},
						{
							"origin": [3.10431, 11.751, -8.5],
							"size": [1.52069, 0.249, 2],
							"pivot": [4.625, 11.75, -7.5],
							"rotation": [0, 0, -9.5],
							"uv": {
								"north": {"uv": [48, 61], "uv_size": [2, 1]},
								"east": {"uv": [61, 49], "uv_size": [2, 1]},
								"south": {"uv": [61, 50], "uv_size": [2, 1]},
								"west": {"uv": [61, 51], "uv_size": [2, 1]},
								"up": {"uv": [60, 33], "uv_size": [2, 2]},
								"down": {"uv": [35, 62], "uv_size": [2, -2]}
							}
						}
					]
				},
				{
					"name": "scope_pos",
					"parent": "sight_default",
					"pivot": [4.625, 8.76, 0.025]
				},
				{
					"name": "constraint",
					"parent": "dzj08",
					"pivot": [5.375, 11.99375, -5.625]
				},
				{
					"name": "positioning2",
					"parent": "dzj08",
					"pivot": [0, 7, -1.425]
				},
				{
					"name": "muzzle_flash",
					"parent": "positioning2",
					"pivot": [0, 12.05, -24.95]
				},
				{
					"name": "camera",
					"pivot": [5.5, 15.0375, 0.5]
				},
				{
					"name": "positioning",
					"pivot": [0, 0, -8]
				},
				{
					"name": "thirdperson_hand",
					"parent": "positioning",
					"pivot": [0, 7.925, -11.1]
				},
				{
					"name": "ground",
					"parent": "positioning",
					"pivot": [0, 4.1, -0.35]
				},
				{
					"name": "fixed",
					"parent": "positioning",
					"pivot": [6.05, 10.675, 0.45],
					"rotation": [0, 90, 0]
				},
				{
					"name": "view",
					"pivot": [0, 0, 0]
				},
				{
					"name": "idle_view",
					"parent": "view",
					"pivot": [5.5, 15.0375, 0.5]
				},
				{
					"name": "iron_view",
					"parent": "view",
					"pivot": [5.375, 11.97188, -2.75]
				},
				{
					"name": "refit_view",
					"parent": "view",
					"pivot": [23, 12.2, -0.85],
					"rotation": [0, 90, 0]
				},
				{
					"name": "refit_scope_view",
					"parent": "view",
					"pivot": [11, 12.125, -14.7],
					"rotation": [0, 50, 0]
				}
			]
		}
	]
}